MW2KG210295,WA1KG13607
MW1KG26108,WAPD96684
MW2KG210297,WA22703
MW4PD3142,WA4CZ7445
MW30532,WA22084
MW4CZ5369,WA22084
MW3CN20612,WA22084
MW2KG209989,WA23703
MW3CN3357,WA22704
MW8LS16322,WA22393
MW4CZ301826,WA22393
MW3CN13006_F12B0D,WA1AC220
MW2PD17514_F01486,WA1AC220
MW1KG8721,WA00KG09691
MW1KG12952,WA00KG09691
MW1KG8718,WA00KG09691
MW1KG16597,WA00KG09691
MW1KG8721,WA00KG09691
MW1KG4196,WA00KG09691
MW4CZ1021,WA00KG09691
MW3CN4789,WA00KG09691
MW2KG5017,WA00KG09691
MW294_8BFAE6,WA0XL9ED737B1E5C6
MW1KG825_5BF39A,WA0XL9ED737B1E5C6
MW2CZ5990_30D382,WA0XL9ED737B1E5C6
MW294_6EE593,WA0XL9ED737B1E5C6
MW1KG825_9ED737,WA0XL9ED737B1E5C6
MW2CZ5990_3FB0C5,WA0XL9ED737B1E5C6
MW294_B590DA,WA0XL9ED737B1E5C6
MW1KG825_F13564,WA0XL9ED737B1E5C6
MW2CZ5990_C01FF4,WA0XL9ED737B1E5C6
MW6493_06926E,WA0XLCF203EA95281
MW1KG26281_366BD7,WA22317
MW6493_AB0357,WA0XLD701B8E5A0D5
MW1KG13126,WA1KG13126
MW1KG14700,WA1KG14700
MW1KG26108,WA1KG26108
MW1PD127393,WA1PD127393
MW1PD128753,WA1PD128753
MW1PD95844,WA1PD95844
MW1PD96684,WA1PD96684
MW1PD96685,WA1PD96685
MW21518,WA21518
MW21521,WA21521
MW21872,WA21872
MW21939,WA21939
MW22083,WA22083
MW22084,WA22084
MW22703,WA22703
MW22704,WA22704
MW23702,WA23702
MW23703,WA23703
MW26071,WA26071
MW29468,WA29468
MW2KG209840,WA2KG209840
MW2KG209989,WA2KG209989
MW2KG210295,WA2KG210295
MW2KG210297,WA2KG210297
MW2KG210298,WA2KG210298
MW2PD17382,WA2PD17382
MW2PD19896,WA2PD19896
MW30532,WA30532
MW3CN1094,WA3CN1094
MW3CN1302,WA3CN1302
MW3CN20612,WA3CN20612
MW3CN3017,WA3CN3017
MW3CN3357,WA3CN3357
MW3CN488,WA3CN488
MW3CN489,WA3CN489
MW3CN6760,WA3CN6760
MW3CN8197,WA3CN8197
MW3CN981,WA3CN981
MW4CZ45303,WA4CZ45303
MW4CZ45308,WA4CZ45308
MW4CZ45313,WA4CZ45313
MW4CZ45315,WA4CZ45315
MW4CZ5369,WA4CZ5369
MW4CZ7445,WA4CZ7445
MW4PD1988,WA4PD1988
MW4PD3142,WA4PD3142
MW8LS16106,WA8LS16106
MW27300_12F042,WA20559
MW3CN12957,WA20559
MW1KG10193_52806A,WA20559
MW2PD20323_8363D2,WA20559