W2KG229117,MW1CZ1100
#W1PD128753,MW2KG5016
#W4CZ7445,MW4PD3142
#W1KG13607,MW2KG210295
W1FEMC010046,MW1FEMC034315
W1FEMC010047,MW1FEMC034316
W1FEMC010048,MW1FEMC034317
W1FEMC010049,MW1FEMC034318
W1FEMC010050,MW1FEMC034319
W1FEMC010051,MW1FEMC034320
W1FEMC010052,MW1FEMC034321
W1FEMC010053,MW1FEMC034322
W1FEMC010054,MW1FEMC034323
W1FEMC010055,MW1FEMC034324
W1FEMC010056,MW1FEMC034325
W1FEMC010133,MW1FEMC031307
W1FEMC010134,MW1FEMC031308
W1FEMC010135,MW1FEMC031309
W1FEMC010136,MW1FEMC031310
W1FEMC010137,MW1FEMC031311
W1FEMC010138,MW1FEMC031312
W1FEMC010139,MW1FEMC031313
W1FEMC010140,MW1FEMC031314
W1FEMC010141,MW1FEMC031315
W1FEMC010142,MW1FEMC031316
W1FEMC010143,MW1FEMC031317
W1FEMC010144,MW1FEMC031318
W1FEMC010145,MW1FEMC031319
W1FEMC010146,MW1FEMC031320
W1FEMC010148,MW1FEMC031323
W1FEMC010149,MW1FEMC031324
W1FEMC010150,MW1FEMC031325
W1FEMC010151,MW1FEMC031326
W1FEMC010152,MW1FEMC031327
W1FEMC010153,MW1FEMC031328
W1FEMC010154,MW1FEMC031329
W1FEMC010155,MW1FEMC031330
W1FEMC010156,MW1FEMC031331
W1FEMC010157,MW1FEMC031332
W1FEMC010158,MW1FEMC031333
W1FEMC010159,MW1FEMC031334
W1FEMC010160,MW1FEMC031335
W1FEMC010161,MW1FEMC031336
W1FEMC010162,MW1FEMC031337
W1FEMC010163,MW1FEMC031338
W1FEMC010164,MW1FEMC031339
W1FEMC010165,MW1FEMC031340
W1FEMC010166,MW1FEMC031341
W1FEMC010167,MW1FEMC031342
W1FEMC010168,MW1FEMC031343
W1FEMC010169,MW1FEMC031344
W1FEMC010170,MW1FEMC031345
W1FEMC010171,MW1FEMC031346
W1FEMC010172,MW1FEMC031347
W1FEMC010173,MW1FEMC031348
W1FEMC010174,MW1FEMC031349
W1FEMC010175,MW1FEMC031350
W1FEMC010176,MW1FEMC031351
W1FEMC010177,MW1FEMC031352
W1FEMC010178,MW1FEMC031353
W1FEMC010179,MW1FEMC031354
W1FEMC010180,MW1FEMC031355
W1FEMC010181,MW1FEMC031356
W1FEMC010182,MW1FEMC031357
W1FEMC010185,MW1FEMC031371
W1FEMC010186,MW1FEMC031372
W1FEMC010187,MW1FEMC031373
W1FEMC010188,MW1FEMC031374
W1FEMC010189,MW1FEMC031375
W1FEMC010190,MW1FEMC031376
W1FEMC010191,MW1FEMC031377
W1FEMC010193,MW1FEMC031398
W1FEMC010194,MW1FEMC031399
W1FEMC010195,MW1FEMC031400
W1FEMC010197,MW1FEMC031404
W1FEMC010198,MW1FEMC031412
W1FEMC010199,MW1FEMC031413
W1FEMC010200,MW1FEMC031414
W1FEMC010261,MW1FEMC039539
W1FEMC010263,MW1FEMC039544
W1FEMC010264,MW1FEMC039545
W1FEMC010265,MW1FEMC039546
W1FEMC010266,MW1FEMC039547
W1FEMC010267,MW1FEMC039548
W1FEMC010268,MW1FEMC039549
W1FEMC010269,MW1FEMC039550
W1FEMC010270,MW1FEMC039551
W1FEMC010271,MW1FEMC039552
W1FEMC010272,MW1FEMC039553
W1FEMC010273,MW1FEMC039554
W1FEMC010274,MW1FEMC039555
W1FEMC010275,MW1FEMC039556
W1FEMC010276,MW1FEMC039557
W1FEMC010277,MW1FEMC039558
W1FEMC010278,MW1FEMC039559
W1FEMC010279,MW1FEMC039560
W1FEMC010280,MW1FEMC039561
W1FEMC010281,MW1FEMC039562
W1FEMC010282,MW1FEMC039563
W1FEMC010283,MW1FEMC039564
W1FEMC010286,MW1FEMC039590
W1FEMC010287,MW1FEMC039591
W1FEMC010288,MW1FEMC039592
W1FEMC010289,MW1FEMC039593
W1FEMC010290,MW1FEMC039594
W1FEMC010291,MW1FEMC039595
W1FEMC010292,MW1FEMC039596
W1FEMC010293,MW1FEMC039597
W1FEMC010305,MW1FEMC031289
W1FEMC010313,MW1FEMC031106
W1FEMC010315,MW1FEMC031109
W1FEMC010317,MW1FEMC031111
W1FEMC010318,MW1FEMC031112
W1FEMC010323,MW1FEMC031117
W1FEMC010329,MW1FEMC031123
W1FEMC010330,MW1FEMC031124
W1FEMC010332,MW1FEMC031127
W1FEMC010333,MW1FEMC031128
W1FEMC010337,MW1FEMC031132
W1FEMC010340,MW1FEMC031135
W1FEMC010342,MW1FEMC031137
W1FEMC010353,MW1FEMC031148
W1FEMC010354,MW1FEMC031149
W1FEMC010356,MW1FEMC031151
W1FEMC010358,MW1FEMC031154
W1FEMC010362,MW1FEMC031158
W1FEMC010449,MW1FEMC031284
W1FEMC010450,MW1FEMC031285
W1FEMC010727,MW1FEMC039404
W1FEMC010728,MW1FEMC039405
W1FEMC010729,MW1FEMC039406
W1FEMC010810,MW1FEMC037434
W1FEMC010877,MW1FEMC037501
W1FEMC010878,MW1FEMC037502
W1FEMC010879,MW1FEMC037503
W1FEMC010966,MW1FEMC037195
W1FEMC010967,MW1FEMC037196
W1FEMC010968,MW1FEMC037197
W1FEMC010969,MW1FEMC037198
W1FEMC010970,MW1FEMC037199
W1FEMC010971,MW1FEMC037200
W1FEMC010972,MW1FEMC037201
W1FEMC010973,MW1FEMC037202
W1FEMC010974,MW1FEMC037203
W1FEMC010975,MW1FEMC037204
W1FEMC010976,MW1FEMC037205
W1FEMC010977,MW1FEMC037206
W1FEMC010978,MW1FEMC037207
W1FEMC010979,MW1FEMC037208
W1FEMC010980,MW1FEMC037209
W1FEMC010981,MW1FEMC037210
W1FEMC010982,MW1FEMC037211
W1FEMC010983,MW1FEMC037212
W1FEMC010984,MW1FEMC037213
W1FEMC010985,MW1FEMC037214
W1FEMC010986,MW1FEMC037215
W1FEMC010987,MW1FEMC037216
W1FEMC010988,MW1FEMC037217
W1FEMC010989,MW1FEMC037218
W1FEMC010990,MW1FEMC037219
W1FEMC030001,MW1FEMC040001
W1FEMC030002,MW1FEMC040002
W1FEMC030003,MW1FEMC040003
W1FEMC030006,MW1FEMC040006
W1FEMC030012,MW1FEMC040012
W1FEMC030013,MW1FEMC040013
W1FEMC030014,MW1FEMC040014
W1FEMC030015,MW1FEMC040015
W1FEMC030016,MW1FEMC040016
W1FEMC030017,MW1FEMC040017
W1FEMC030018,MW1FEMC040018
W1FEMC030039,MW1FEMC040039
W1FEMC030040,MW1FEMC040040
W1FEMC030041,MW1FEMC040041
W1FEMC030042,MW1FEMC040042
W1FEMC030058,MW1FEMC040058
W1FEMC030059,MW1FEMC040059
W1FEMC030060,MW1FEMC040060
W1FEMC030061,MW1FEMC040061
W1FEMC030062,MW1FEMC040062
W1FEMC030063,MW1FEMC040063
W1FEMC030068,MW1FEMC040068
W1FEMC030069,MW1FEMC040069
W1FEMC030070,MW1FEMC040070
W1FEMC030071,MW1FEMC040071
W1FEMC030072,MW1FEMC040072
W1FEMC030073,MW1FEMC040073
W1FEMC030074,MW1FEMC040074
W1FEMC030080,MW1FEMC040080
W1FEMC030081,MW1FEMC040081
W1FEMC030082,MW1FEMC040082
W1FEMC030083,MW1FEMC040083
W1FEMC030084,MW1FEMC040084
W1FEMC030085,MW1FEMC040085
W1FEMC030086,MW1FEMC040086
W1FEMC030087,MW1FEMC040087
W1FEMC030088,MW1FEMC040088
W1FEMC030089,MW1FEMC040089
W1FEMC030090,MW1FEMC040090
W1FEMC030091,MW1FEMC040091
W1FEMC030102,MW1FEMC040102
W1FEMC030103,MW1FEMC040103
W1FEMC030104,MW1FEMC040104
W1FEMC030105,MW1FEMC040105
W1FEMC030106,MW1FEMC040106
W1FEMC030107,MW1FEMC040107
W1FEMC030108,MW1FEMC040108
W1FEMC030109,MW1FEMC040109
W1FEMC030111,MW1FEMC040111
W1FEMC030113,MW1FEMC040113
W1FEMC030114,MW1FEMC040114
W1FEMC030115,MW1FEMC040115
W1FEMC030116,MW1FEMC040116
W1FEMC030117,MW1FEMC040117
W1FEMC030118,MW1FEMC040118
W1FEMC030119,MW1FEMC040119
W1FEMC030120,MW1FEMC040120
W1FEMC030121,MW1FEMC040121
W1FEMC030122,MW1FEMC040122
W1FEMC030123,MW1FEMC040123
W1FEMC030124,MW1FEMC040124
W1FEMC030125,MW1FEMC040125
W1FEMC030126,MW1FEMC040126
W1FEMC030127,MW1FEMC040127
W1FEMC030128,MW1FEMC040128
W1FEMC030129,MW1FEMC040129
W1FEMC030130,MW1FEMC040130
W1FEMC030131,MW1FEMC040131
W1FEMC030132,MW1FEMC040132
W1FEMC030133,MW1FEMC040133
W1FEMC030134,MW1FEMC040134
W1FEMC030135,MW1FEMC040135
W1FEMC030136,MW1FEMC040136
W1FEMC030137,MW1FEMC040137
W1FEMC030138,MW1FEMC040138
W1FEMC030139,MW1FEMC040139
W1FEMC030140,MW1FEMC040140
W1FEMC030141,MW1FEMC040141
W1FEMC030142,MW1FEMC040142
W1FEMC030143,MW1FEMC040143
W1FEMC030144,MW1FEMC040144
W1FEMC030168,MW1FEMC040168
W1FEMC030169,MW1FEMC040169
W1FEMC030170,MW1FEMC040170
W1FEMC030171,MW1FEMC040171
W1FEMC030172,MW1FEMC040172
W1FEMC030173,MW1FEMC040173
W1FEMC030174,MW1FEMC040174
W1FEMC030175,MW1FEMC040175
W1FEMC030176,MW1FEMC040176
W1FEMC030177,MW1FEMC040177
W1FEMC030178,MW1FEMC040178
W1FEMC030179,MW1FEMC040179
W1FEMC030180,MW1FEMC040180
W1FEMC030181,MW1FEMC040181
W1FEMC030182,MW1FEMC040182
W1FEMC030183,MW1FEMC040183
W1FEMC030184,MW1FEMC040184
W1FEMC030185,MW1FEMC040185
W1FEMC030186,MW1FEMC040186
W1FEMC030187,MW1FEMC040187
W1FEMC030188,MW1FEMC040188
W1FEMC030189,MW1FEMC040189
W1FEMC030190,MW1FEMC040190
W1FEMC030191,MW1FEMC040191
W1FEMC030192,MW1FEMC040192
W1FEMC030193,MW1FEMC040193
W1FEMC030194,MW1FEMC040194
W1FEMC030195,MW1FEMC040195
W1FEMC030196,MW1FEMC040196
W1FEMC030197,MW1FEMC040197
W1FEMC030198,MW1FEMC040198
W1FEMC030199,MW1FEMC040199
W1FEMC030200,MW1FEMC040200
W1FEMC030201,MW1FEMC040201
W1FEMC030202,MW1FEMC040202
W1FEMC030207,MW1FEMC040207
W1FEMC030208,MW1FEMC040208
W1FEMC030209,MW1FEMC040209
W1FEMC030228,MW1FEMC040228
W1FEMC030229,MW1FEMC040229
W1FEMC030230,MW1FEMC040230
W1FEMC030231,MW1FEMC040231
W1FEMC030232,MW1FEMC040232
W1FEMC030233,MW1FEMC040233
W1FEMC030234,MW1FEMC040234
W1FEMC030235,MW1FEMC040235
W1FEMC030236,MW1FEMC040236
W1FEMC030237,MW1FEMC040237
W1FEMC030306,MW1FEMC040306
W1FEMC030307,MW1FEMC040307
W1FEMC030308,MW1FEMC040308
W1FEMC030309,MW1FEMC040309
W1FEMC030310,MW1FEMC040310
W1FEMC030311,MW1FEMC040311
W1FEMC030312,MW1FEMC040312
W1FEMC030330,MW1FEMC040330
W1FEMC030331,MW1FEMC040331
W1FEMC030332,MW1FEMC040332
W1FEMC030336,MW1FEMC040336
W1FEMC030337,MW1FEMC040337
W1FEMC030338,MW1FEMC040338
W1FEMC030339,MW1FEMC040339
W1FEMC030340,MW1FEMC040340
W1FEMC030341,MW1FEMC040341
W1FEMC030342,MW1FEMC040342
W1FEMC030343,MW1FEMC040343
W1FEMC030344,MW1FEMC040344
W1FEMC030345,MW1FEMC040345
W1FEMC030426,MW1FEMC040426
W1FEMC030471,MW1FEMC040471
W1FEMC030472,MW1FEMC040472
W1FEMC030473,MW1FEMC040473
W1FEMC030474,MW1FEMC040474
W1FEMC030475,MW1FEMC040475
W1FEMC030476,MW1FEMC040476
W1FEMC030477,MW1FEMC040477
W1FEMC030478,MW1FEMC040478
W1FEMC030479,MW1FEMC040479
W1FEMC030480,MW1FEMC040480
W1FEMC030481,MW1FEMC040481
W1FEMC030508,MW1FEMC040508
W1FEMC030509,MW1FEMC040509
W1FEMC030510,MW1FEMC040510
W1FEMC030511,MW1FEMC040511
W1FEMC030512,MW1FEMC040512
W1FEMC030513,MW1FEMC040513
W1FEMC030514,MW1FEMC040514
W1FEMC030516,MW1FEMC040516
W1FEMC030517,MW1FEMC040517
W1FEMC030518,MW1FEMC040518
W1FEMC030519,MW1FEMC040519
W1FEMC030520,MW1FEMC040520
W1FEMC030521,MW1FEMC040521
W1FEMC030522,MW1FEMC040522
W1FEMC030523,MW1FEMC040523
W1FEMC030524,MW1FEMC040524
W1FEMC030525,MW1FEMC040525
W1FEMC030527,MW1FEMC040527
W1FEMC030568,MW1FEMC040568
W1FEMC030569,MW1FEMC040569
W1FEMC030570,MW1FEMC040570
W1FEMC030571,MW1FEMC040571
W1FEMC030572,MW1FEMC040572
W1FEMC030573,MW1FEMC040573
W1FEMC030574,MW1FEMC040574
W1FEMC030575,MW1FEMC040575
W1FEMC030576,MW1FEMC040576
W1FEMC030577,MW1FEMC040577
W1FEMC030578,MW1FEMC040578
W1FEMC030579,MW1FEMC040579
W1FEMC030580,MW1FEMC040580
W1FEMC030581,MW1FEMC040581
W1FEMC030624,MW1FEMC040624
W1FEMC030625,MW1FEMC040625
W1FEMC030626,MW1FEMC040626
W1FEMC030627,MW1FEMC040627
W1FEMC030628,MW1FEMC040628
W1FEMC030629,MW1FEMC040629
W1FEMC030630,MW1FEMC040630
W1FEMC030631,MW1FEMC040631
W1FEMC030632,MW1FEMC040632
W1FEMC030633,MW1FEMC040633
W1FEMC030634,MW1FEMC040634
W1FEMC030638,MW1FEMC040638
W1FEMC030639,MW1FEMC040639
W1FEMC030640,MW1FEMC040640
W1FEMC030641,MW1FEMC040641
W1FEMC030642,MW1FEMC040642
W1FEMC030643,MW1FEMC040643
W1FEMC030644,MW1FEMC040644
W1FEMC030645,MW1FEMC040645
W1FEMC030646,MW1FEMC040646
W1FEMC030647,MW1FEMC040647
W1FEMC030648,MW1FEMC040648
W1FEMC030649,MW1FEMC040649
W1FEMC030650,MW1FEMC040650
W1FEMC030651,MW1FEMC040651
W1FEMC030652,MW1FEMC040652
W1FEMC030653,MW1FEMC040653
W1FEMC030654,MW1FEMC040654
W1FEMC030655,MW1FEMC040655
W1FEMC030656,MW1FEMC040656
W1FEMC030657,MW1FEMC040657
W1FEMC030658,MW1FEMC040658
W1FEMC030659,MW1FEMC040659
W1FEMC030660,MW1FEMC040660
W1FEMC030661,MW1FEMC040661
W1FEMC030662,MW1FEMC040662
W1FEMC030663,MW1FEMC040663
W1FEMC030664,MW1FEMC040664
W1FEMC030665,MW1FEMC040665
W1FEMC030666,MW1FEMC040666
W1FEMC030667,MW1FEMC040667
W1FEMC030668,MW1FEMC040668
W1FEMC030669,MW1FEMC040669
W1FEMC030670,MW1FEMC040670
W1FEMC030671,MW1FEMC040671
W1FEMC030672,MW1FEMC040672
W1FEMC030673,MW1FEMC040673
W1FEMC030674,MW1FEMC040674
W1FEMC030675,MW1FEMC040675
W1FEMC030676,MW1FEMC040676
W1FEMC030677,MW1FEMC040677
W1FEMC030678,MW1FEMC040678
W1FEMC030679,MW1FEMC040679
W1FEMC030680,MW1FEMC040680
W1FEMC030681,MW1FEMC040681
W1FEMC030682,MW1FEMC040682
W1FEMC030683,MW1FEMC040683
W1FEMC030684,MW1FEMC040684
W1FEMC030685,MW1FEMC040685
W1FEMC030686,MW1FEMC040686
W1FEMC030687,MW1FEMC040687
W1FEMC030688,MW1FEMC040688
W1FEMC030689,MW1FEMC040689
W1FEMC030690,MW1FEMC040690
W1FEMC030691,MW1FEMC040691
W1FEMC030692,MW1FEMC040692
W1FEMC030693,MW1FEMC040693
W1FEMC030694,MW1FEMC040694
W1FEMC030695,MW1FEMC040695
W1FEMC030696,MW1FEMC040696
W1FEMC030697,MW1FEMC040697
W1FEMC030698,MW1FEMC040698
W1FEMC030699,MW1FEMC040699
W1FEMC030700,MW1FEMC040700
W1FEMC030701,MW1FEMC040701
W1FEMC030702,MW1FEMC040702
W1FEMC030703,MW1FEMC040703
W1FEMC030704,MW1FEMC040704
W1FEMC030705,MW1FEMC040705
W1FEMC030706,MW1FEMC040706
W1FEMC030707,MW1FEMC040707
W1FEMC030708,MW1FEMC040708
W1FEMC030709,MW1FEMC040709
W1FEMC030710,MW1FEMC040710
W1FEMC030711,MW1FEMC040711
W1FEMC030712,MW1FEMC040712
W1FEMC030713,MW1FEMC040713
W1FEMC030714,MW1FEMC040714
W1FEMC030715,MW1FEMC040715
W1FEMC030716,MW1FEMC040716
W1FEMC030717,MW1FEMC040717
W1FEMC030718,MW1FEMC040718
W1FEMC030719,MW1FEMC040719
W1FEMC030720,MW1FEMC040720
W1FEMC030721,MW1FEMC040721
W1FEMC030722,MW1FEMC040722
W1FEMC030723,MW1FEMC040723
W1FEMC030724,MW1FEMC040724
W1FEMC030725,MW1FEMC040725
W1FEMC030726,MW1FEMC040726
W1FEMC030727,MW1FEMC040727
W1FEMC030728,MW1FEMC040728
W1FEMC030729,MW1FEMC040729
W1FEMC030730,MW1FEMC040730
W1FEMC030731,MW1FEMC040731
W1FEMC030732,MW1FEMC040732
W1FEMC030733,MW1FEMC040733
W1FEMC030734,MW1FEMC040734
W1FEMC030735,MW1FEMC040735
W1FEMC030736,MW1FEMC040736
W1FEMC030737,MW1FEMC040737
W1FEMC030738,MW1FEMC040738
W1FEMC030739,MW1FEMC040739
W1FEMC030740,MW1FEMC040740
W1FEMC030741,MW1FEMC040741
W1FEMC030742,MW1FEMC040742
W1FEMC030743,MW1FEMC040743
W1FEMC030744,MW1FEMC040744
W1FEMC030745,MW1FEMC040745
W1FEMC030746,MW1FEMC040746
W1FEMC030747,MW1FEMC040747
W1FEMC030748,MW1FEMC040748
W1FEMC030749,MW1FEMC040749
W1FEMC030750,MW1FEMC040750
W1FEMC030751,MW1FEMC040751
W1FEMC030752,MW1FEMC040752
W1FEMC030753,MW1FEMC040753
W1FEMC030754,MW1FEMC040754
W1FEMC030755,MW1FEMC040755
W1FEMC030756,MW1FEMC040756
W1FEMC030757,MW1FEMC040757
W1FEMC030758,MW1FEMC040758
W1FEMC030759,MW1FEMC040759
W1FEMC030760,MW1FEMC040760
W1FEMC030761,MW1FEMC040761
W1FEMC030762,MW1FEMC040762
W1FEMC030763,MW1FEMC040763
W1FEMC030764,MW1FEMC040764
W1FEMC030771,MW1FEMC040771
W1FEMC030772,MW1FEMC040772
W1FEMC030773,MW1FEMC040773
W1FEMC030774,MW1FEMC040774
W1FEMC030775,MW1FEMC040775
W1FEMC030776,MW1FEMC040776
W1FEMC030777,MW1FEMC040777
W1FEMC030778,MW1FEMC040778
W1FEMC030779,MW1FEMC040779
W1FEMC030780,MW1FEMC040780
W1FEMC030781,MW1FEMC040781
W1FEMC030782,MW1FEMC040782
W1FEMC030783,MW1FEMC040783
W1FEMC030788,MW1FEMC040788
W1FEMC030789,MW1FEMC040789
W1FEMC030790,MW1FEMC040790
W1FEMC030791,MW1FEMC040791
W1FEMC030795,MW1FEMC040795
W1FEMC030796,MW1FEMC040796
W1FEMC030797,MW1FEMC040797
W1FEMC030798,MW1FEMC040798
W1FEMC030799,MW1FEMC040799
W1FEMC030800,MW1FEMC040800
W1FEMC030801,MW1FEMC040801
W1FEMC030802,MW1FEMC040802
W1FEMC030803,MW1FEMC040803
W1FEMC030804,MW1FEMC040804
W1FEMC030805,MW1FEMC040805
W1FEMC030806,MW1FEMC040806
W1FEMC030807,MW1FEMC040807
W1FEMC030815,MW1FEMC040815
W1FEMC030821,MW1FEMC040821
W1FEMC030827,MW1FEMC040827
W1FEMC030829,MW1FEMC040829
W1FEMC030830,MW1FEMC040830
W1FEMC030831,MW1FEMC040831
W1FEMC030832,MW1FEMC040832
W1FEMC030833,MW1FEMC040833
W1FEMC030840,MW1FEMC040840
W1FEMC030841,MW1FEMC040841
W1FEMC030842,MW1FEMC040842
W1FEMC030843,MW1FEMC040843
W1FEMC030844,MW1FEMC040844
W1FEMC030845,MW1FEMC040845
W1FEMC030846,MW1FEMC040846
W1FEMC030854,MW1FEMC040854
W1FEMC030855,MW1FEMC040855
W1FEMC030856,MW1FEMC040856
W1FEMC030857,MW1FEMC040857
W1FEMC030859,MW1FEMC040859
W1FEMC030861,MW1FEMC040861
W1FEMC030863,MW1FEMC040863
W1FEMC030909,MW1FEMC040909
W1FEMC030924,MW1FEMC040924
W1FEMC030925,MW1FEMC040925
W1FEMC030972,MW1FEMC040972
W1FEMC030973,MW1FEMC040973
W1FEMC030974,MW1FEMC040974
W1FEMC030975,MW1FEMC040975
W1FEMC030976,MW1FEMC040976
W1FEMC030977,MW1FEMC040977
W1FEMC030978,MW1FEMC040978
W1FEMC030980,MW1FEMC040980
W1FEMC030992,MW1FEMC040992
W1FEMC030996,MW1FEMC040996
W1FEMC031006,MW1FEMC041006
W1FEMC031007,MW1FEMC041007
W1FEMC031013,MW1FEMC041013
W1FEMC031014,MW1FEMC041014
W1FEMC031015,MW1FEMC041015
W1FEMC031016,MW1FEMC041016
W1FEMC031017,MW1FEMC041017
W1FEMC031020,MW1FEMC041020
W1FEMC031021,MW1FEMC041021
W1FEMC031022,MW1FEMC041022
W1FEMC031023,MW1FEMC041023
W1FEMC031024,MW1FEMC041024
W1FEMC031034,MW1FEMC041034
W1FEMC031039,MW1FEMC041039
W1FEMC031040,MW1FEMC041040
W1FEMC031041,MW1FEMC041041
W1FEMC031042,MW1FEMC041042
W1FEMC031043,MW1FEMC041043
W1FEMC031044,MW1FEMC041044
W1FEMC031045,MW1FEMC041045
W1FEMC031046,MW1FEMC041046
W1FEMC031047,MW1FEMC041047
W1FEMC031048,MW1FEMC041048
W1FEMC031049,MW1FEMC041049
W1FEMC031635,MW1FEMC041635
W1FEMC031667,MW1FEMC041667
W1FEMC031668,MW1FEMC041668
W1FEMC031742,MW1FEMC041742
W1FEMC031744,MW1FEMC041744
W1FEMC031749,MW1FEMC041749
W1FEMC031750,MW1FEMC041750
W1FEMC031752,MW1FEMC041752
W1FEMC031753,MW1FEMC041753
W1FEMC031755,MW1FEMC041755
W1FEMC031756,MW1FEMC041756
W1FEMC031757,MW1FEMC041757
W1FEMC031758,MW1FEMC041758
W1FEMC031760,MW1FEMC041760
W1FEMC031761,MW1FEMC041761
W1FEMC031762,MW1FEMC041762
W1FEMC031763,MW1FEMC041763
W1FEMC031764,MW1FEMC041764
W1FEMC031770,MW1FEMC041770
W1FEMC031771,MW1FEMC041771
W1FEMC031773,MW1FEMC041773
W1FEMC031787,MW1FEMC041787
W1FEMC031790,MW1FEMC041790
W1FEMC031797,MW1FEMC041797
W1FEMC031798,MW1FEMC041798
W1FEMC031800,MW1FEMC041800
W1FEMC031801,MW1FEMC041801
W1FEMC031809,MW1FEMC041809
W1FEMC031811,MW1FEMC041811
W1FEMC031812,MW1FEMC041812
W1FEMC031816,MW1FEMC041816
W1FEMC031817,MW1FEMC041817
W1FEMC031818,MW1FEMC041818
W1FEMC031822,MW1FEMC041822
W1FEMC031835,MW1FEMC041835
W1FEMC032011,MW1FEMC042011
W1FEMC032014,MW1FEMC042014
W1FEMC032017,MW1FEMC042017
W1FEMC032018,MW1FEMC042018
W1FEMC032019,MW1FEMC042019
W1FEMC032020,MW1FEMC042020
W1FEMC032023,MW1FEMC042023
W1FEMC032024,MW1FEMC042024
W1FEMC032026,MW1FEMC042026
W1FEMC032034,MW1FEMC042034
W1FEMC032036,MW1FEMC042036
W1FEMC032037,MW1FEMC042037
W1FEMC032040,MW1FEMC042040
W1FEMC032041,MW1FEMC042041
W1FEMC032044,MW1FEMC042044
W1FEMC032146,MW1FEMC042146
W1FEMC032147,MW1FEMC042147
W1FEMC032148,MW1FEMC042148
W1FEMC032149,MW1FEMC042149
W1FEMC032150,MW1FEMC042150
W1FEMC032151,MW1FEMC042151
W1FEMC032152,MW1FEMC042152
W1FEMC032153,MW1FEMC042153
W1FEMC032154,MW1FEMC042154
W1FEMC032155,MW1FEMC042155
W1FEMC032156,MW1FEMC042156
W1FEMC032157,MW1FEMC042157
W1FEMC032158,MW1FEMC042158
W1FEMC032159,MW1FEMC042159
W1FEMC032160,MW1FEMC042160
W1FEMC032161,MW1FEMC042161
W1FEMC032162,MW1FEMC042162
W1FEMC032163,MW1FEMC042163
W1FEMC032164,MW1FEMC042164
W1FEMC032165,MW1FEMC042165
W1FEMC032166,MW1FEMC042166
W1FEMC032167,MW1FEMC042167
W1FEMC032168,MW1FEMC042168
W1FEMC032169,MW1FEMC042169
W1FEMC032170,MW1FEMC042170
W1FEMC032171,MW1FEMC042171
W1FEMC032172,MW1FEMC042172
W1FEMC032173,MW1FEMC042173
W1FEMC032174,MW1FEMC042174
W1FEMC032175,MW1FEMC042175
W1FEMC032176,MW1FEMC042176
W1FEMC032177,MW1FEMC042177
W1FEMC032178,MW1FEMC042178
W1FEMC032179,MW1FEMC042179
W1FEMC032180,MW1FEMC042180
W1FEMC032181,MW1FEMC042181
W1FEMC032182,MW1FEMC042182
W1FEMC032183,MW1FEMC042183
W1FEMC032184,MW1FEMC042184
W1FEMC032185,MW1FEMC042185
W1FEMC032186,MW1FEMC042186
W1FEMC032187,MW1FEMC042187
W1FEMC032188,MW1FEMC042188
W1FEMC032189,MW1FEMC042189
W1FEMC032190,MW1FEMC042190
W1FEMC032191,MW1FEMC042191
W1FEMC032192,MW1FEMC042192
W1FEMC032193,MW1FEMC042193
W1FEMC032194,MW1FEMC042194
W1FEMC032195,MW1FEMC042195
W1FEMC032196,MW1FEMC042196
W1FEMC032617,MW1FEMC042617
W1FEMC032641,MW1FEMC042641
W1FEMC032646,MW1FEMC042646
W1FEMC032647,MW1FEMC042647
W1FEMC032648,MW1FEMC042648
W1FEMC032661,MW1FEMC042661
W1FEMC032679,MW1FEMC042679
W1FEMC032749,MW1FEMC042749
W1FEMC032756,MW1FEMC042756
W1FEMC032861,MW1FEMC042861
W1FEMC032862,MW1FEMC042862
W1FEMC032863,MW1FEMC042863
W1FEMC032891,MW1FEMC042891
W1FEMC032904,MW1FEMC042904
W1FEMC032940,MW1FEMC042940
W1FEMC032950,MW1FEMC042950
W1FEMC032969,MW1FEMC042969
W1FEMC032974,MW1FEMC042974
W1FEMC032979,MW1FEMC042979
W1FEMC032981,MW1FEMC042981
W1FEMC033020,MW1FEMC043020
W1FEMC033027,MW1FEMC043027
W1FEMC033031,MW1FEMC043031
W1FEMC033032,MW1FEMC043032
W1FEMC033034,MW1FEMC043034
W1FEMC033038,MW1FEMC043038
W1FEMC033072,MW1FEMC043072
W1FEMC033121,MW1FEMC043121
W1FEMC033122,MW1FEMC043122
W1FEMC033178,MW1FEMC043178
W1FEMC033196,MW1FEMC043196
W1FEMC033204,MW1FEMC043204
W1FEMC033205,MW1FEMC043205
W1FEMC033207,MW1FEMC043207
W1FEMC033208,MW1FEMC043208
W1FEMC033310,MW1FEMC043310
W1FEMC033311,MW1FEMC043311
W1FEMC033312,MW1FEMC043312
W1FEMC033313,MW1FEMC043313
W1FEMC033314,MW1FEMC043314
W1FEMC033315,MW1FEMC043315
W1FEMC033316,MW1FEMC043316
W1FEMC033317,MW1FEMC043317
W1FEMC033318,MW1FEMC043318
W1FEMC033319,MW1FEMC043319
W1FEMC033320,MW1FEMC043320
W1FEMC033321,MW1FEMC043321
W1FEMC033322,MW1FEMC043322
W1FEMC033323,MW1FEMC043323
W1FEMC033324,MW1FEMC043324
W1FEMC033325,MW1FEMC043325
W1FEMC033327,MW1FEMC043327
W1FEMC033328,MW1FEMC043328
W1FEMC033329,MW1FEMC043329
W1FEMC033330,MW1FEMC043330
W1FEMC033331,MW1FEMC043331
W1FEMC033332,MW1FEMC043332
W1FEMC033333,MW1FEMC043333
W1FEMC033334,MW1FEMC043334
W1FEMC033335,MW1FEMC043335
W1FEMC033336,MW1FEMC043336
W1FEMC033337,MW1FEMC043337
W1FEMC033338,MW1FEMC043338
W1FEMC033339,MW1FEMC043339
W1FEMC033340,MW1FEMC043340
W1FEMC033341,MW1FEMC043341
W1FEMC033342,MW1FEMC043342
W1FEMC033343,MW1FEMC043343
W1FEMC033344,MW1FEMC043344
W1FEMC033346,MW1FEMC043346
W1FEMC033347,MW1FEMC043347
W1FEMC033348,MW1FEMC043348
W1FEMC033349,MW1FEMC043349
W1FEMC033350,MW1FEMC043350
W1FEMC033351,MW1FEMC043351
W1FEMC033352,MW1FEMC043352
W1FEMC033353,MW1FEMC043353
W1FEMC033354,MW1FEMC043354
W1FEMC033355,MW1FEMC043355
W1FEMC033356,MW1FEMC043356
W1FEMC033357,MW1FEMC043357
W1FEMC033358,MW1FEMC043358
W1FEMC033359,MW1FEMC043359
W1FEMC033360,MW1FEMC043360
W1FEMC033361,MW1FEMC043361
W1FEMC033362,MW1FEMC043362
W1FEMC033363,MW1FEMC043363
W1FEMC033364,MW1FEMC043364
W1FEMC033365,MW1FEMC043365
W1FEMC033366,MW1FEMC043366
W1FEMC033367,MW1FEMC043367
W1FEMC033368,MW1FEMC043368
W1FEMC033369,MW1FEMC043369
W1FEMC033370,MW1FEMC043370
W1FEMC033371,MW1FEMC043371
W1FEMC033372,MW1FEMC043372
W1FEMC033373,MW1FEMC043373
W1FEMC033374,MW1FEMC043374
W1FEMC033375,MW1FEMC043375
W1FEMC033376,MW1FEMC043376
W1FEMC033377,MW1FEMC043377
W1FEMC033378,MW1FEMC043378
W1FEMC033379,MW1FEMC043379
W1FEMC033380,MW1FEMC043380
W1FEMC033381,MW1FEMC043381
W1FEMC033382,MW1FEMC043382
W1FEMC033383,MW1FEMC043383
W1FEMC033384,MW1FEMC043384
W1FEMC033385,MW1FEMC043385
W1FEMC033386,MW1FEMC043386
W1FEMC033387,MW1FEMC043387
W1FEMC033388,MW1FEMC043388
W1FEMC033389,MW1FEMC043389
W1FEMC033390,MW1FEMC043390
W1FEMC033391,MW1FEMC043391
W1FEMC033392,MW1FEMC043392
W1FEMC033393,MW1FEMC043393
W1FEMC033394,MW1FEMC043394
W1FEMC033395,MW1FEMC043395
W1FEMC033396,MW1FEMC043396
W1FEMC033397,MW1FEMC043397
W1FEMC033398,MW1FEMC043398
W1FEMC033399,MW1FEMC043399
W1FEMC033400,MW1FEMC043400
W1FEMC033401,MW1FEMC043401
W1FEMC033402,MW1FEMC043402
W1FEMC033403,MW1FEMC043403
W1FEMC033404,MW1FEMC043404
W1FEMC033405,MW1FEMC043405
W1FEMC033406,MW1FEMC043406
W1FEMC033407,MW1FEMC043407
W1FEMC033408,MW1FEMC043408
W1FEMC033409,MW1FEMC043409
W1FEMC033410,MW1FEMC043410
W1FEMC033411,MW1FEMC043411
W1FEMC033412,MW1FEMC043412
W1FEMC033584,MW1FEMC043584
W1FEMC033585,MW1FEMC043585
W1FEMC033586,MW1FEMC043586
W1FEMC033587,MW1FEMC043587
W1FEMC033588,MW1FEMC043588
W1FEMC033589,MW1FEMC043589
W1FEMC033590,MW1FEMC043590
W1FEMC033591,MW1FEMC043591
W1FEMC033592,MW1FEMC043592
W1FEMC033593,MW1FEMC043593
W1FEMC033594,MW1FEMC043594
W1FEMC033595,MW1FEMC043595
W1FEMC033596,MW1FEMC043596
W1FEMC033597,MW1FEMC043597
W1FEMC033598,MW1FEMC043598
W1FEMC033599,MW1FEMC043599
W1FEMC033600,MW1FEMC043600
W1FEMC033601,MW1FEMC043601
W1FEMC033602,MW1FEMC043602
W1FEMC033603,MW1FEMC043603
W1FEMC033604,MW1FEMC043604
W1FEMC033605,MW1FEMC043605
W1FEMC033606,MW1FEMC043606
W1FEMC033607,MW1FEMC043607
W1FEMC033608,MW1FEMC043608
W1FEMC033609,MW1FEMC043609
W1FEMC033610,MW1FEMC043610
W1FEMC033611,MW1FEMC043611
W1FEMC033612,MW1FEMC043612
W1FEMC033613,MW1FEMC043613
W1FEMC033614,MW1FEMC043614
W1FEMC033615,MW1FEMC043615
W1FEMC033616,MW1FEMC043616
W1FEMC033617,MW1FEMC043617
W1FEMC033618,MW1FEMC043618
W1FEMC033619,MW1FEMC043619
W1FEMC033620,MW1FEMC043620
W1FEMC033621,MW1FEMC043621
W1FEMC033622,MW1FEMC043622
W1FEMC033623,MW1FEMC043623
W1FEMC033624,MW1FEMC043624
W1FEMC033625,MW1FEMC043625
W1FEMC033626,MW1FEMC043626
W1FEMC033627,MW1FEMC043627
W1FEMC033628,MW1FEMC043628
W1FEMC033629,MW1FEMC043629
W1FEMC033630,MW1FEMC043630
W1FEMC033631,MW1FEMC043631
W1FEMC033632,MW1FEMC043632
W1FEMC033633,MW1FEMC043633
W1FEMC033634,MW1FEMC043634
W1FEMC033635,MW1FEMC043635
W1FEMC033636,MW1FEMC043636
W1FEMC033637,MW1FEMC043637
W1FEMC033638,MW1FEMC043638
W1FEMC033639,MW1FEMC043639
W1FEMC033640,MW1FEMC043640
W1FEMC033641,MW1FEMC043641
W1FEMC033642,MW1FEMC043642
W1FEMC033643,MW1FEMC043643
W1FEMC033644,MW1FEMC043644
W1FEMC033645,MW1FEMC043645
W1FEMC033646,MW1FEMC043646
W1FEMC033647,MW1FEMC043647
W1FEMC033648,MW1FEMC043648
W1FEMC033649,MW1FEMC043649
W1FEMC033650,MW1FEMC043650
W1FEMC033651,MW1FEMC043651
W1FEMC033652,MW1FEMC043652
W1FEMC033653,MW1FEMC043653
W1FEMC033654,MW1FEMC043654
W1FEMC033655,MW1FEMC043655
W1FEMC033656,MW1FEMC043656
W1FEMC033657,MW1FEMC043657
W1FEMC033658,MW1FEMC043658
W1FEMC033659,MW1FEMC043659
W1FEMC033660,MW1FEMC043660
W1FEMC033661,MW1FEMC043661
W1FEMC033662,MW1FEMC043662
W1FEMC033663,MW1FEMC043663
W1FEMC033664,MW1FEMC043664
W1FEMC033665,MW1FEMC043665
W1FEMC033666,MW1FEMC043666
W1FEMC033667,MW1FEMC043667
W1FEMC033668,MW1FEMC043668
W1FEMC033669,MW1FEMC043669
W1FEMC033670,MW1FEMC043670
W1FEMC033671,MW1FEMC043671
W1FEMC033672,MW1FEMC043672
W1FEMC033673,MW1FEMC043673
W1FEMC033674,MW1FEMC043674
W1FEMC033675,MW1FEMC043675
W1FEMC033676,MW1FEMC043676
W1FEMC033677,MW1FEMC043677
W1FEMC033678,MW1FEMC043678
W1FEMC033679,MW1FEMC043679
W1FEMC033680,MW1FEMC043680
W1FEMC033681,MW1FEMC043681
W1FEMC033682,MW1FEMC043682
W1FEMC033683,MW1FEMC043683
W1FEMC033684,MW1FEMC043684
W1FEMC033685,MW1FEMC043685
W1FEMC033686,MW1FEMC043686
W1FEMC033687,MW1FEMC043687
W1FEMC033688,MW1FEMC043688
W1FEMC033689,MW1FEMC043689
W1FEMC033690,MW1FEMC043690
W1FEMC033691,MW1FEMC043691
W1FEMC033692,MW1FEMC043692
W1FEMC033693,MW1FEMC043693
W1FEMC033694,MW1FEMC043694
W1FEMC033695,MW1FEMC043695
W1FEMC033696,MW1FEMC043696
W1FEMC033697,MW1FEMC043697
W1FEMC033698,MW1FEMC043698
W1FEMC033699,MW1FEMC043699
W1FEMC033700,MW1FEMC043700
W1FEMC033701,MW1FEMC043701
W1FEMC033702,MW1FEMC043702
W1FEMC033703,MW1FEMC043703
W1FEMC033704,MW1FEMC043704
W1FEMC033705,MW1FEMC043705
W1FEMC033706,MW1FEMC043706
W1FEMC033707,MW1FEMC043707
W1FEMC033708,MW1FEMC043708
W1FEMC033709,MW1FEMC043709
W1FEMC033710,MW1FEMC043710
W1FEMC033711,MW1FEMC043711
W1FEMC033712,MW1FEMC043712
W1FEMC033713,MW1FEMC043713
W1FEMC033714,MW1FEMC043714
W1FEMC033715,MW1FEMC043715
W1FEMC033716,MW1FEMC043716
W1FEMC033717,MW1FEMC043717
W1FEMC033718,MW1FEMC043718
W1FEMC033719,MW1FEMC043719
W1FEMC033720,MW1FEMC043720
W1FEMC033721,MW1FEMC043721
W1FEMC033722,MW1FEMC043722
W1FEMC033723,MW1FEMC043723
W1FEMC033724,MW1FEMC043724
W1FEMC033725,MW1FEMC043725
W1FEMC033726,MW1FEMC043726
W1FEMC033727,MW1FEMC043727
W1FEMC033728,MW1FEMC043728
W1FEMC033729,MW1FEMC043729
W1FEMC033730,MW1FEMC043730
W1FEMC033731,MW1FEMC043731
W1FEMC033732,MW1FEMC043732
W1FEMC033733,MW1FEMC043733
W1FEMC033734,MW1FEMC043734
W1FEMC033735,MW1FEMC043735
W1FEMC033736,MW1FEMC043736
W1FEMC033737,MW1FEMC043737
W1FEMC033738,MW1FEMC043738
W1FEMC033739,MW1FEMC043739
W1FEMC033740,MW1FEMC043740
W1FEMC033741,MW1FEMC043741
W1FEMC033742,MW1FEMC043742
W1FEMC033743,MW1FEMC043743
W1FEMC033744,MW1FEMC043744
W1FEMC033745,MW1FEMC043745
W1FEMC033746,MW1FEMC043746
W1FEMC033747,MW1FEMC043747
W1FEMC033748,MW1FEMC043748
W1FEMC033749,MW1FEMC043749
W1FEMC033750,MW1FEMC043750
W1FEMC033751,MW1FEMC043751
W1FEMC033752,MW1FEMC043752
W1FEMC033753,MW1FEMC043753
W1FEMC033754,MW1FEMC043754
W1FEMC033755,MW1FEMC043755
W1FEMC033756,MW1FEMC043756
W1FEMC033757,MW1FEMC043757
W1FEMC033758,MW1FEMC043758
W1FEMC033759,MW1FEMC043759
W1FEMC033760,MW1FEMC043760
W1FEMC033761,MW1FEMC043761
W1FEMC033762,MW1FEMC043762
W1FEMC033763,MW1FEMC043763
W1FEMC033764,MW1FEMC043764
W1FEMC033765,MW1FEMC043765
W1FEMC033766,MW1FEMC043766
W1FEMC033767,MW1FEMC043767
W1FEMC033768,MW1FEMC043768
W1FEMC033769,MW1FEMC043769
W1FEMC033770,MW1FEMC043770
W1FEMC033771,MW1FEMC043771
W1FEMC033772,MW1FEMC043772
W1FEMC033773,MW1FEMC043773
W1FEMC033774,MW1FEMC043774
W1FEMC033775,MW1FEMC043775
W1FEMC033776,MW1FEMC043776
W1FEMC033777,MW1FEMC043777
W1FEMC033778,MW1FEMC043778
W1FEMC033779,MW1FEMC043779
W1FEMC033780,MW1FEMC043780
W1FEMC033781,MW1FEMC043781
W1FEMC033782,MW1FEMC043782
W1FEMC033783,MW1FEMC043783
W1FEMC033784,MW1FEMC043784
W1FEMC033785,MW1FEMC043785
W1FEMC033786,MW1FEMC043786
W1FEMC033787,MW1FEMC043787
W1FEMC033788,MW1FEMC043788
W1FEMC033789,MW1FEMC043789
W1FEMC033790,MW1FEMC043790
W1FEMC033791,MW1FEMC043791
W1FEMC033792,MW1FEMC043792
W1FEMC033793,MW1FEMC043793
W1FEMC033794,MW1FEMC043794
W1FEMC033795,MW1FEMC043795
W1FEMC033796,MW1FEMC043796
W1FEMC033797,MW1FEMC043797
W1FEMC033798,MW1FEMC043798
W1FEMC033799,MW1FEMC043799
W1FEMC033800,MW1FEMC043800
W1FEMC033801,MW1FEMC043801
W1FEMC033802,MW1FEMC043802
W1FEMC033803,MW1FEMC043803
W1FEMC033804,MW1FEMC043804
W1FEMC033805,MW1FEMC043805
W1FEMC033806,MW1FEMC043806
W1FEMC033807,MW1FEMC043807
W1FEMC033808,MW1FEMC043808
W1FEMC033809,MW1FEMC043809
W1FEMC033810,MW1FEMC043810
W1FEMC033811,MW1FEMC043811
W1FEMC033812,MW1FEMC043812
W1FEMC033813,MW1FEMC043813
W1FEMC033814,MW1FEMC043814
W1FEMC033815,MW1FEMC043815
W1FEMC033816,MW1FEMC043816
W1FEMC033817,MW1FEMC043817
W1FEMC033818,MW1FEMC043818
W1FEMC033819,MW1FEMC043819
W1FEMC033820,MW1FEMC043820
W1FEMC033821,MW1FEMC043821
W1FEMC033822,MW1FEMC043822
W1FEMC033823,MW1FEMC043823
W1FEMC033824,MW1FEMC043824
W1FEMC033825,MW1FEMC043825
W1FEMC033826,MW1FEMC043826
W1FEMC033827,MW1FEMC043827
W1FEMC033828,MW1FEMC043828
W1FEMC033829,MW1FEMC043829
W1FEMC033830,MW1FEMC043830
W1FEMC033831,MW1FEMC043831
W1FEMC033832,MW1FEMC043832
W1FEMC033833,MW1FEMC043833
W1FEMC033834,MW1FEMC043834
W1FEMC033847,MW1FEMC043847
W1FEMC033851,MW1FEMC043851
W1FEMC033896,MW1FEMC043896
W1FEMC033897,MW1FEMC043897
W1FEMC033902,MW1FEMC043902
W1FEMC033908,MW1FEMC043908
W1FEMC033910,MW1FEMC043910
W1FEMC033911,MW1FEMC043911
W1FEMC033914,MW1FEMC043914
W1FEMC034116,MW1FEMC044116
W1FEMC034118,MW1FEMC044118
W1FEMC034123,MW1FEMC044123
W1FEMC034143,MW1FEMC044143
W1FEMC034144,MW1FEMC044144
W1FEMC034145,MW1FEMC044145
W1FEMC034146,MW1FEMC044146
W1FEMC034147,MW1FEMC044147
W1FEMC034148,MW1FEMC044148
W1FEMC034149,MW1FEMC044149
W1FEMC034150,MW1FEMC044150
W1FEMC034165,MW1FEMC044165
W1FEMC034172,MW1FEMC044172
W1FEMC034216,MW1FEMC044216
W1FEMC034221,MW1FEMC044221
W1FEMC034236,MW1FEMC044236
W1FEMC034237,MW1FEMC044237
W1FEMC034238,MW1FEMC044238
W1FEMC034345,MW1FEMC044345
W1FEMC034346,MW1FEMC044346
W1FEMC034347,MW1FEMC044347
W1FEMC034348,MW1FEMC044348
W1FEMC034349,MW1FEMC044349
W1FEMC034350,MW1FEMC044350
W1FEMC034351,MW1FEMC044351
W1FEMC034352,MW1FEMC044352
W1FEMC034353,MW1FEMC044353
W1FEMC034354,MW1FEMC044354
W1FEMC034355,MW1FEMC044355
W1FEMC034356,MW1FEMC044356
W1FEMC034357,MW1FEMC044357
W1FEMC034358,MW1FEMC044358
W1FEMC034359,MW1FEMC044359
W1FEMC034360,MW1FEMC044360
W1FEMC034361,MW1FEMC044361
W1FEMC034362,MW1FEMC044362
W1FEMC034363,MW1FEMC044363
W1FEMC034364,MW1FEMC044364
W1FEMC034365,MW1FEMC044365
W1FEMC034366,MW1FEMC044366
W1FEMC034367,MW1FEMC044367
W1FEMC034368,MW1FEMC044368
W1FEMC034369,MW1FEMC044369
W1FEMC034370,MW1FEMC044370
W1FEMC034371,MW1FEMC044371
W1FEMC034372,MW1FEMC044372
W1FEMC034373,MW1FEMC044373
W1FEMC034374,MW1FEMC044374
W1FEMC034375,MW1FEMC044375
W1FEMC034376,MW1FEMC044376
W1FEMC034378,MW1FEMC044378
W1FEMC034379,MW1FEMC044379
W1FEMC034380,MW1FEMC044380
W1FEMC034381,MW1FEMC044381
W1FEMC034382,MW1FEMC044382
W1FEMC034383,MW1FEMC044383
W1FEMC034384,MW1FEMC044384
W1FEMC034385,MW1FEMC044385
W1FEMC034386,MW1FEMC044386
W1FEMC034387,MW1FEMC044387
W1FEMC034388,MW1FEMC044388
W1FEMC034389,MW1FEMC044389
W1FEMC034390,MW1FEMC044390
W1FEMC034391,MW1FEMC044391
W1FEMC034392,MW1FEMC044392
W1FEMC034393,MW1FEMC044393
W1FEMC034394,MW1FEMC044394
W1FEMC034395,MW1FEMC044395
W1FEMC034396,MW1FEMC044396
W1FEMC034397,MW1FEMC044397
W1FEMC034398,MW1FEMC044398
W1FEMC034399,MW1FEMC044399
W1FEMC034400,MW1FEMC044400
W1FEMC034401,MW1FEMC044401
W1FEMC034402,MW1FEMC044402
W1FEMC034403,MW1FEMC044403
W1FEMC034404,MW1FEMC044404
W1FEMC034405,MW1FEMC044405
W1FEMC034406,MW1FEMC044406
W1FEMC034407,MW1FEMC044407
W1FEMC034408,MW1FEMC044408
W1FEMC034409,MW1FEMC044409
W1FEMC034410,MW1FEMC044410
W1FEMC034411,MW1FEMC044411
W1FEMC034412,MW1FEMC044412
W1FEMC034413,MW1FEMC044413
W1FEMC034414,MW1FEMC044414
W1FEMC034415,MW1FEMC044415
W1FEMC034416,MW1FEMC044416
W1FEMC034417,MW1FEMC044417
W1FEMC034418,MW1FEMC044418
W1FEMC034419,MW1FEMC044419
W1FEMC034420,MW1FEMC044420
W1FEMC034421,MW1FEMC044421
W1FEMC034422,MW1FEMC044422
W1FEMC034423,MW1FEMC044423
W1FEMC034424,MW1FEMC044424
W1FEMC034425,MW1FEMC044425
W1FEMC034426,MW1FEMC044426
W1FEMC034427,MW1FEMC044427
W1FEMC034428,MW1FEMC044428
W1FEMC034429,MW1FEMC044429
W1FEMC034430,MW1FEMC044430
W1FEMC034431,MW1FEMC044431
W1FEMC034432,MW1FEMC044432
W1FEMC034433,MW1FEMC044433
W1FEMC034434,MW1FEMC044434
W1FEMC034435,MW1FEMC044435
W1FEMC034436,MW1FEMC044436
W1FEMC034437,MW1FEMC044437
W1FEMC034438,MW1FEMC044438
W1FEMC034439,MW1FEMC044439
W1FEMC034440,MW1FEMC044440
W1FEMC034441,MW1FEMC044441
W1FEMC034442,MW1FEMC044442
W1FEMC034443,MW1FEMC044443
W1FEMC034444,MW1FEMC044444
W1FEMC034445,MW1FEMC044445
W1FEMC034446,MW1FEMC044446
W1FEMC034447,MW1FEMC044447
W1FEMC034448,MW1FEMC044448
W1FEMC034449,MW1FEMC044449
W1FEMC034450,MW1FEMC044450
W1FEMC034451,MW1FEMC044451
W1FEMC034452,MW1FEMC044452
W1FEMC034453,MW1FEMC044453
W1FEMC034454,MW1FEMC044454
W1FEMC034455,MW1FEMC044455
W1FEMC034456,MW1FEMC044456
W1FEMC034457,MW1FEMC044457
W1FEMC034458,MW1FEMC044458
W1FEMC034459,MW1FEMC044459
W1FEMC034460,MW1FEMC044460
W1FEMC034461,MW1FEMC044461
W1FEMC034462,MW1FEMC044462
W1FEMC034463,MW1FEMC044463
W1FEMC034464,MW1FEMC044464
W1FEMC034465,MW1FEMC044465
W1FEMC034466,MW1FEMC044466
W1FEMC034467,MW1FEMC044467
W1FEMC034468,MW1FEMC044468
W1FEMC034469,MW1FEMC044469
W1FEMC034470,MW1FEMC044470
W1FEMC034471,MW1FEMC044471
W1FEMC034472,MW1FEMC044472
W1FEMC034473,MW1FEMC044473
W1FEMC034474,MW1FEMC044474
W1FEMC034475,MW1FEMC044475
W1FEMC034476,MW1FEMC044476
W1FEMC034477,MW1FEMC044477
W1FEMC034678,MW1FEMC044678
W1FEMC034679,MW1FEMC044679
W1FEMC034680,MW1FEMC044680
W1FEMC034681,MW1FEMC044681
W1FEMC034682,MW1FEMC044682
W1FEMC034683,MW1FEMC044683
W1FEMC034684,MW1FEMC044684
W1FEMC034685,MW1FEMC044685
W1FEMC034686,MW1FEMC044686
W1FEMC034687,MW1FEMC044687
W1FEMC034688,MW1FEMC044688
W1FEMC034689,MW1FEMC044689
W1FEMC034690,MW1FEMC044690
W1FEMC034691,MW1FEMC044691
W1FEMC034692,MW1FEMC044692
W1FEMC034693,MW1FEMC044693
W1FEMC034694,MW1FEMC044694
W1FEMC034695,MW1FEMC044695
W1FEMC034696,MW1FEMC044696
W1FEMC034697,MW1FEMC044697
W1FEMC034700,MW1FEMC044700
W1FEMC034703,MW1FEMC044703
W1FEMC034704,MW1FEMC044704
W1FEMC034705,MW1FEMC044705
W1FEMC034706,MW1FEMC044706
W1FEMC034707,MW1FEMC044707
W1FEMC034708,MW1FEMC044708
W1FEMC034709,MW1FEMC044709
W1FEMC034710,MW1FEMC044710
W1FEMC034711,MW1FEMC044711
W1FEMC034712,MW1FEMC044712
W1FEMC034713,MW1FEMC044713
W1FEMC034714,MW1FEMC044714
W1FEMC034715,MW1FEMC044715
W1FEMC034716,MW1FEMC044716
W1FEMC034717,MW1FEMC044717
W1FEMC034718,MW1FEMC044718
W1FEMC034719,MW1FEMC044719
W1FEMC034720,MW1FEMC044720
W1FEMC034721,MW1FEMC044721
W1FEMC034722,MW1FEMC044722
W1FEMC034723,MW1FEMC044723
W1FEMC034724,MW1FEMC044724
W1FEMC034725,MW1FEMC044725
W1FEMC034726,MW1FEMC044726
W1FEMC034727,MW1FEMC044727
W1FEMC034728,MW1FEMC044728
W1FEMC034729,MW1FEMC044729
W1FEMC034730,MW1FEMC044730
W1FEMC034732,MW1FEMC044732
W1FEMC034733,MW1FEMC044733
W1FEMC034734,MW1FEMC044734
W1FEMC034738,MW1FEMC044738
W1FEMC034739,MW1FEMC044739
W1FEMC034740,MW1FEMC044740
W1FEMC034741,MW1FEMC044741
W1FEMC034742,MW1FEMC044742
W1FEMC034743,MW1FEMC044743
W1FEMC034744,MW1FEMC044744
W1FEMC034745,MW1FEMC044745
W1FEMC034746,MW1FEMC044746
W1FEMC034747,MW1FEMC044747
W1FEMC034748,MW1FEMC044748
W1FEMC034749,MW1FEMC044749
W1FEMC034750,MW1FEMC044750
W1FEMC034751,MW1FEMC044751
W1FEMC034752,MW1FEMC044752
W1FEMC034753,MW1FEMC044753
W1FEMC034754,MW1FEMC044754
W1FEMC034755,MW1FEMC044755
W1FEMC034756,MW1FEMC044756
W1FEMC034757,MW1FEMC044757
W1FEMC034758,MW1FEMC044758
W1FEMC034759,MW1FEMC044759
W1FEMC034760,MW1FEMC044760
W1FEMC034761,MW1FEMC044761
W1FEMC034762,MW1FEMC044762
W1FEMC034763,MW1FEMC044763
W1FEMC034934,MW1FEMC044934
W1FEMC034945,MW1FEMC044945
W1FEMC034946,MW1FEMC044946
W1FEMC034947,MW1FEMC044947
W1FEMC035009,MW1FEMC045009
W1FEMC035013,MW1FEMC045013
W1FEMC035014,MW1FEMC045014
W1FEMC035033,MW1FEMC045033
W1FEMC035034,MW1FEMC045034
W1FEMC035043,MW1FEMC045043
W1FEMC035046,MW1FEMC045046
W1FEMC035050,MW1FEMC045050
W1FEMC035054,MW1FEMC045054
W1FEMC035055,MW1FEMC045055
W1FEMC035056,MW1FEMC045056
W1FEMC035057,MW1FEMC045057
W1FEMC035058,MW1FEMC045058
W1FEMC035069,MW1FEMC045069
W1FEMC035077,MW1FEMC045077
W1FEMC035083,MW1FEMC045083
W1FEMC035137,MW1FEMC045137
W1FEMC035138,MW1FEMC045138
W1FEMC035161,MW1FEMC045161
W1FEMC035317,MW1FEMC045317
W1FEMC035318,MW1FEMC045318
W1FEMC035319,MW1FEMC045319
W1FEMC035358,MW1FEMC045358
W1FEMC036019,MW1FEMC046019
W1FEMC036020,MW1FEMC046020
W1FEMC036021,MW1FEMC046021
W1FEMC036022,MW1FEMC046022
W1FEMC036023,MW1FEMC046023
W1FEMC036024,MW1FEMC046024
W1FEMC036025,MW1FEMC046025
W1FEMC036026,MW1FEMC046026
W1FEMC036027,MW1FEMC046027
W1FEMC036028,MW1FEMC046028
W1FEMC036029,MW1FEMC046029
W1FEMC036030,MW1FEMC046030
W1FEMC036031,MW1FEMC046031
W1FEMC036032,MW1FEMC046032
W1FEMC036033,MW1FEMC046033
W1FEMC036034,MW1FEMC046034
W1FEMC036035,MW1FEMC046035
W1FEMC036036,MW1FEMC046036
W1FEMC036037,MW1FEMC046037
W1FEMC036038,MW1FEMC046038
W1FEMC036039,MW1FEMC046039
W1FEMC036040,MW1FEMC046040
W1FEMC036041,MW1FEMC046041
W1FEMC036042,MW1FEMC046042
W1FEMC036043,MW1FEMC046043
W1FEMC036044,MW1FEMC046044
W1FEMC036045,MW1FEMC046045
W1FEMC036046,MW1FEMC046046
W1FEMC036047,MW1FEMC046047
W1FEMC036048,MW1FEMC046048
W1FEMC036049,MW1FEMC046049
W1FEMC036050,MW1FEMC046050
W1FEMC036051,MW1FEMC046051
W1FEMC036052,MW1FEMC046052
W1FEMC036053,MW1FEMC046053
W1FEMC036054,MW1FEMC046054
W1FEMC036055,MW1FEMC046055
W1FEMC036056,MW1FEMC046056
W1FEMC036057,MW1FEMC046057
W1FEMC036058,MW1FEMC046058
W1FEMC036059,MW1FEMC046059
W1FEMC036060,MW1FEMC046060
W1FEMC036061,MW1FEMC046061
W1FEMC036062,MW1FEMC046062
W1FEMC036063,MW1FEMC046063
W1FEMC036064,MW1FEMC046064
W1FEMC036065,MW1FEMC046065
W1FEMC036066,MW1FEMC046066
W1FEMC036067,MW1FEMC046067
W1FEMC036068,MW1FEMC046068
W1FEMC036069,MW1FEMC046069
W1FEMC036070,MW1FEMC046070
W1FEMC036071,MW1FEMC046071
W1FEMC036072,MW1FEMC046072
W1FEMC036073,MW1FEMC046073
W1FEMC036074,MW1FEMC046074
W1FEMC036075,MW1FEMC046075
W1FEMC036076,MW1FEMC046076
W1FEMC036077,MW1FEMC046077
W1FEMC036078,MW1FEMC046078
W1FEMC036079,MW1FEMC046079
W1FEMC036080,MW1FEMC046080
W1FEMC036081,MW1FEMC046081
W1FEMC036082,MW1FEMC046082
W1FEMC036083,MW1FEMC046083
W1FEMC036084,MW1FEMC046084
W1FEMC036085,MW1FEMC046085
W1FEMC036086,MW1FEMC046086
W1FEMC036087,MW1FEMC046087
W1FEMC036088,MW1FEMC046088
W1FEMC036089,MW1FEMC046089
W1FEMC036090,MW1FEMC046090
W1FEMC036091,MW1FEMC046091
W1FEMC036092,MW1FEMC046092
W1FEMC036093,MW1FEMC046093
W1FEMC036094,MW1FEMC046094
W1FEMC036095,MW1FEMC046095
W1FEMC036096,MW1FEMC046096
W1FEMC036097,MW1FEMC046097
W1FEMC036098,MW1FEMC046098
W1FEMC036099,MW1FEMC046099
W1FEMC036100,MW1FEMC046100
W1FEMC036101,MW1FEMC046101
W1FEMC036102,MW1FEMC046102
W1FEMC036103,MW1FEMC046103
W1FEMC036104,MW1FEMC046104
W1FEMC036105,MW1FEMC046105
W1FEMC036106,MW1FEMC046106
W1FEMC036107,MW1FEMC046107
W1FEMC036108,MW1FEMC046108
W1FEMC036109,MW1FEMC046109
W1FEMC036110,MW1FEMC046110
W1FEMC036111,MW1FEMC046111
W1FEMC036112,MW1FEMC046112
W1FEMC036113,MW1FEMC046113
W1FEMC036114,MW1FEMC046114
W1FEMC036115,MW1FEMC046115
W1FEMC036116,MW1FEMC046116
W1FEMC036117,MW1FEMC046117
W1FEMC036118,MW1FEMC046118
W1FEMC036119,MW1FEMC046119
W1FEMC036120,MW1FEMC046120
W1FEMC036121,MW1FEMC046121
W1FEMC036122,MW1FEMC046122
W1FEMC036123,MW1FEMC046123
W1FEMC036124,MW1FEMC046124
W1FEMC036125,MW1FEMC046125
W1FEMC036126,MW1FEMC046126
W1FEMC036127,MW1FEMC046127
W1FEMC036128,MW1FEMC046128
W1FEMC036129,MW1FEMC046129
W1FEMC036130,MW1FEMC046130
W1FEMC036131,MW1FEMC046131
W1FEMC036132,MW1FEMC046132
W1FEMC036133,MW1FEMC046133
W1FEMC036134,MW1FEMC046134
W1FEMC036135,MW1FEMC046135
W1FEMC036136,MW1FEMC046136
W1FEMC036137,MW1FEMC046137
W1FEMC036138,MW1FEMC046138
W1FEMC036139,MW1FEMC046139
W1FEMC036140,MW1FEMC046140
W1FEMC036141,MW1FEMC046141
W1FEMC036142,MW1FEMC046142
W1FEMC036143,MW1FEMC046143
W1FEMC036144,MW1FEMC046144
W1FEMC036145,MW1FEMC046145
W1FEMC036146,MW1FEMC046146
W1FEMC036147,MW1FEMC046147
W1FEMC036148,MW1FEMC046148
W1FEMC036149,MW1FEMC046149
W1FEMC036150,MW1FEMC046150
W1FEMC036151,MW1FEMC046151
W1FEMC036152,MW1FEMC046152
W1FEMC036153,MW1FEMC046153
W1FEMC036154,MW1FEMC046154
W1FEMC036155,MW1FEMC046155
W1FEMC036156,MW1FEMC046156
W1FEMC036157,MW1FEMC046157
W1FEMC036158,MW1FEMC046158
W1FEMC036159,MW1FEMC046159
W1FEMC036160,MW1FEMC046160
W1FEMC036161,MW1FEMC046161
W1FEMC036162,MW1FEMC046162
W1FEMC036163,MW1FEMC046163
W1FEMC036164,MW1FEMC046164
W1FEMC036165,MW1FEMC046165
W1FEMC036166,MW1FEMC046166
W1FEMC036167,MW1FEMC046167
W1FEMC036168,MW1FEMC046168
W1FEMC036169,MW1FEMC046169
W1FEMC036170,MW1FEMC046170
W1FEMC036171,MW1FEMC046171
W1FEMC036172,MW1FEMC046172
W1FEMC036173,MW1FEMC046173
W1FEMC036174,MW1FEMC046174
W1FEMC036175,MW1FEMC046175
W1FEMC036176,MW1FEMC046176
W1FEMC036177,MW1FEMC046177
W1FEMC036178,MW1FEMC046178
W1FEMC036179,MW1FEMC046179
W1FEMC036180,MW1FEMC046180
W1FEMC036181,MW1FEMC046181
W1FEMC036182,MW1FEMC046182
W1FEMC036183,MW1FEMC046183
W1FEMC036184,MW1FEMC046184
W1FEMC036185,MW1FEMC046185
W1FEMC036186,MW1FEMC046186
W1FEMC036187,MW1FEMC046187
W1FEMC036188,MW1FEMC046188
W1FEMC036189,MW1FEMC046189
W1FEMC036190,MW1FEMC046190
W1FEMC036191,MW1FEMC046191
W1FEMC036192,MW1FEMC046192
W1FEMC036193,MW1FEMC046193
W1FEMC036194,MW1FEMC046194
W1FEMC036195,MW1FEMC046195
W1FEMC036196,MW1FEMC046196
W1FEMC036197,MW1FEMC046197
W1FEMC036198,MW1FEMC046198
W1FEMC036199,MW1FEMC046199
W1FEMC036200,MW1FEMC046200
W1FEMC036201,MW1FEMC046201
W1FEMC036202,MW1FEMC046202
W1FEMC036203,MW1FEMC046203
W1FEMC036204,MW1FEMC046204
W1FEMC036205,MW1FEMC046205
W1FEMC036206,MW1FEMC046206
W1FEMC036207,MW1FEMC046207
W1FEMC036208,MW1FEMC046208
W1FEMC036209,MW1FEMC046209
W1FEMC036210,MW1FEMC046210
W1FEMC036211,MW1FEMC046211
W1FEMC036212,MW1FEMC046212
W1FEMC036213,MW1FEMC046213
W1FEMC036214,MW1FEMC046214
W1FEMC036215,MW1FEMC046215
W1FEMC036216,MW1FEMC046216
W1FEMC036217,MW1FEMC046217
W1FEMC036218,MW1FEMC046218
W1FEMC036219,MW1FEMC046219
W1FEMC036220,MW1FEMC046220
W1FEMC036221,MW1FEMC046221
W1FEMC036222,MW1FEMC046222
W1FEMC036223,MW1FEMC046223
W1FEMC036224,MW1FEMC046224
W1FEMC036225,MW1FEMC046225
W1FEMC036226,MW1FEMC046226
W1FEMC036227,MW1FEMC046227
W1FEMC036228,MW1FEMC046228
W1FEMC036229,MW1FEMC046229
W1FEMC036230,MW1FEMC046230
W1FEMC036231,MW1FEMC046231
W1FEMC036232,MW1FEMC046232
W1FEMC036233,MW1FEMC046233
W1FEMC036234,MW1FEMC046234
W1FEMC036235,MW1FEMC046235
W1FEMC036236,MW1FEMC046236
W1FEMC036237,MW1FEMC046237
W1FEMC036238,MW1FEMC046238
W1FEMC036239,MW1FEMC046239
W1FEMC036240,MW1FEMC046240
W1FEMC036241,MW1FEMC046241
W1FEMC036242,MW1FEMC046242
W1FEMC036243,MW1FEMC046243
W1FEMC036244,MW1FEMC046244
W1FEMC036245,MW1FEMC046245
W1FEMC036246,MW1FEMC046246
W1FEMC036247,MW1FEMC046247
W1FEMC036254,MW1FEMC046254
W1FEMC036255,MW1FEMC046255
W1FEMC036256,MW1FEMC046256
W1FEMC036257,MW1FEMC046257
W1FEMC036258,MW1FEMC046258
W1FEMC036259,MW1FEMC046259
W1FEMC036260,MW1FEMC046260
W1FEMC036261,MW1FEMC046261
W1FEMC036262,MW1FEMC046262
W1FEMC036263,MW1FEMC046263
W1FEMC036264,MW1FEMC046264
W1FEMC036265,MW1FEMC046265
W1FEMC036266,MW1FEMC046266
W1FEMC036267,MW1FEMC046267
W1FEMC036268,MW1FEMC046268
W1FEMC036269,MW1FEMC046269
W1FEMC036270,MW1FEMC046270
W1FEMC036271,MW1FEMC046271
W1FEMC036272,MW1FEMC046272
W1FEMC036273,MW1FEMC046273
W1FEMC036274,MW1FEMC046274
W1FEMC036275,MW1FEMC046275
W1FEMC036276,MW1FEMC046276
W1FEMC036277,MW1FEMC046277
W1FEMC036278,MW1FEMC046278
W1FEMC036279,MW1FEMC046279
W1FEMC036280,MW1FEMC046280
W1FEMC036281,MW1FEMC046281
W1FEMC036282,MW1FEMC046282
W1FEMC036283,MW1FEMC046283
W1FEMC036284,MW1FEMC046284
W1FEMC036285,MW1FEMC046285
W1FEMC036286,MW1FEMC046286
W1FEMC036287,MW1FEMC046287
W1FEMC036288,MW1FEMC046288
W1FEMC036289,MW1FEMC046289
W1FEMC036290,MW1FEMC046290
W1FEMC036291,MW1FEMC046291
W1FEMC036292,MW1FEMC046292
W1FEMC036293,MW1FEMC046293
W1FEMC036294,MW1FEMC046294
W1FEMC036295,MW1FEMC046295
W1FEMC036296,MW1FEMC046296
W1FEMC036297,MW1FEMC046297
W1FEMC036298,MW1FEMC046298
W1FEMC036299,MW1FEMC046299
W1FEMC036300,MW1FEMC046300
W1FEMC036301,MW1FEMC046301
W1FEMC036302,MW1FEMC046302
W1FEMC036303,MW1FEMC046303
W1FEMC036304,MW1FEMC046304
W1FEMC036305,MW1FEMC046305
W1FEMC036306,MW1FEMC046306
W1FEMC036307,MW1FEMC046307
W1FEMC036308,MW1FEMC046308
W1FEMC036309,MW1FEMC046309
W1FEMC036310,MW1FEMC046310
W1FEMC036311,MW1FEMC046311
W1FEMC036312,MW1FEMC046312
W1FEMC036313,MW1FEMC046313
W1FEMC036314,MW1FEMC046314
W1FEMC036315,MW1FEMC046315
W1FEMC036316,MW1FEMC046316
W1FEMC036317,MW1FEMC046317
W1FEMC036318,MW1FEMC046318
W1FEMC036319,MW1FEMC046319
W1FEMC036320,MW1FEMC046320
W1FEMC036321,MW1FEMC046321
W1FEMC036322,MW1FEMC046322
W1FEMC036323,MW1FEMC046323
W1FEMC036324,MW1FEMC046324
W1FEMC036325,MW1FEMC046325
W1FEMC036326,MW1FEMC046326
W1FEMC036327,MW1FEMC046327
W1FEMC036328,MW1FEMC046328
W1FEMC036329,MW1FEMC046329
W1FEMC036330,MW1FEMC046330
W1FEMC036331,MW1FEMC046331
W1FEMC036332,MW1FEMC046332
W1FEMC036333,MW1FEMC046333
W1FEMC036334,MW1FEMC046334
W1FEMC036335,MW1FEMC046335
W1FEMC036336,MW1FEMC046336
W1FEMC036337,MW1FEMC046337
W1FEMC036338,MW1FEMC046338
W1FEMC036339,MW1FEMC046339
W1FEMC036340,MW1FEMC046340
W1FEMC036341,MW1FEMC046341
W1FEMC036342,MW1FEMC046342
W1FEMC036343,MW1FEMC046343
W1FEMC036344,MW1FEMC046344
W1FEMC036345,MW1FEMC046345
W1FEMC036346,MW1FEMC046346
W1FEMC036347,MW1FEMC046347
W1FEMC036348,MW1FEMC046348
W1FEMC036349,MW1FEMC046349
W1FEMC036350,MW1FEMC046350
W1FEMC036351,MW1FEMC046351
W1FEMC036352,MW1FEMC046352
W1FEMC036353,MW1FEMC046353
W1FEMC036354,MW1FEMC046354
W1FEMC036355,MW1FEMC046355
W1FEMC036356,MW1FEMC046356
W1FEMC036357,MW1FEMC046357
W1FEMC036358,MW1FEMC046358
W1FEMC036359,MW1FEMC046359
W1FEMC036360,MW1FEMC046360
W1FEMC036361,MW1FEMC046361
W1FEMC036362,MW1FEMC046362
W1FEMC036363,MW1FEMC046363
W1FEMC036364,MW1FEMC046364
W1FEMC036365,MW1FEMC046365
W1FEMC036366,MW1FEMC046366
W1FEMC036367,MW1FEMC046367
W1FEMC036368,MW1FEMC046368
W1FEMC036369,MW1FEMC046369
W1FEMC036370,MW1FEMC046370
W1FEMC036371,MW1FEMC046371
W1FEMC036372,MW1FEMC046372
W1FEMC036373,MW1FEMC046373
W1FEMC036374,MW1FEMC046374
W1FEMC036375,MW1FEMC046375
W1FEMC036376,MW1FEMC046376
W1FEMC036377,MW1FEMC046377
W1FEMC036378,MW1FEMC046378
W1FEMC036379,MW1FEMC046379
W1FEMC036380,MW1FEMC046380
W1FEMC036381,MW1FEMC046381
W1FEMC036382,MW1FEMC046382
W1FEMC036383,MW1FEMC046383
W1FEMC036384,MW1FEMC046384
W1FEMC036385,MW1FEMC046385
W1FEMC036386,MW1FEMC046386
W1FEMC036387,MW1FEMC046387
W1FEMC036388,MW1FEMC046388
W1FEMC036389,MW1FEMC046389
W1FEMC036390,MW1FEMC046390
W1FEMC036391,MW1FEMC046391
W1FEMC036392,MW1FEMC046392
W1FEMC036393,MW1FEMC046393
W1FEMC036394,MW1FEMC046394
W1FEMC036395,MW1FEMC046395
W1FEMC036396,MW1FEMC046396
W1FEMC036397,MW1FEMC046397
W1FEMC036398,MW1FEMC046398
W1FEMC036399,MW1FEMC046399
W1FEMC036400,MW1FEMC046400
W1FEMC036401,MW1FEMC046401
W1FEMC036402,MW1FEMC046402
W1FEMC036403,MW1FEMC046403
W1FEMC036404,MW1FEMC046404
W1FEMC036405,MW1FEMC046405
W1FEMC036406,MW1FEMC046406
W1FEMC036407,MW1FEMC046407
W1FEMC036408,MW1FEMC046408
W1FEMC036409,MW1FEMC046409
W1FEMC036410,MW1FEMC046410
W1FEMC036411,MW1FEMC046411
W1FEMC036412,MW1FEMC046412
W1FEMC036413,MW1FEMC046413
W1FEMC036414,MW1FEMC046414
W1FEMC036415,MW1FEMC046415
W1FEMC036418,MW1FEMC046418
W1FEMC036421,MW1FEMC046421
W1FEMC036422,MW1FEMC046422
W1FEMC036423,MW1FEMC046423
W1FEMC036424,MW1FEMC046424
W1FEMC036425,MW1FEMC046425
W1FEMC036426,MW1FEMC046426
W1FEMC036427,MW1FEMC046427
W1FEMC036428,MW1FEMC046428
W1FEMC036429,MW1FEMC046429
W1FEMC036430,MW1FEMC046430
W1FEMC036431,MW1FEMC046431
W1FEMC036432,MW1FEMC046432
W1FEMC036433,MW1FEMC046433
W1FEMC036434,MW1FEMC046434
W1FEMC036435,MW1FEMC046435
W1FEMC036436,MW1FEMC046436
W1FEMC036437,MW1FEMC046437
W1FEMC036438,MW1FEMC046438
W1FEMC036439,MW1FEMC046439
W1FEMC036440,MW1FEMC046440
W1FEMC036441,MW1FEMC046441
W1FEMC036442,MW1FEMC046442
W1FEMC036443,MW1FEMC046443
W1FEMC036444,MW1FEMC046444
W1FEMC036445,MW1FEMC046445
W1FEMC036446,MW1FEMC046446
W1FEMC036447,MW1FEMC046447
W1FEMC036448,MW1FEMC046448
W1FEMC036449,MW1FEMC046449
W1FEMC036450,MW1FEMC046450
W1FEMC036451,MW1FEMC046451
W1FEMC036452,MW1FEMC046452
W1FEMC036453,MW1FEMC046453
W1FEMC036454,MW1FEMC046454
W1FEMC036455,MW1FEMC046455
W1FEMC036456,MW1FEMC046456
W1FEMC036457,MW1FEMC046457
W1FEMC036458,MW1FEMC046458
W1FEMC036459,MW1FEMC046459
W1FEMC036460,MW1FEMC046460
W1FEMC036461,MW1FEMC046461
W1FEMC036462,MW1FEMC046462
W1FEMC036463,MW1FEMC046463
W1FEMC036464,MW1FEMC046464
W1FEMC036465,MW1FEMC046465
W1FEMC036466,MW1FEMC046466
W1FEMC036467,MW1FEMC046467
W1FEMC036468,MW1FEMC046468
W1FEMC036469,MW1FEMC046469
W1FEMC036470,MW1FEMC046470
W1FEMC036471,MW1FEMC046471
W1FEMC036472,MW1FEMC046472
W1FEMC036473,MW1FEMC046473
W1FEMC036474,MW1FEMC046474
W1FEMC036475,MW1FEMC046475
W1FEMC036476,MW1FEMC046476
W1FEMC036477,MW1FEMC046477
W1FEMC036478,MW1FEMC046478
W1FEMC036479,MW1FEMC046479
W1FEMC036480,MW1FEMC046480
W1FEMC036481,MW1FEMC046481
W1FEMC036482,MW1FEMC046482
W1FEMC036483,MW1FEMC046483
W1FEMC036484,MW1FEMC046484
W1FEMC036485,MW1FEMC046485
W1FEMC036486,MW1FEMC046486
W1FEMC036487,MW1FEMC046487
W1FEMC036488,MW1FEMC046488
W1FEMC036489,MW1FEMC046489
W1FEMC036490,MW1FEMC046490
W1FEMC036491,MW1FEMC046491
W1FEMC036492,MW1FEMC046492
W1FEMC036493,MW1FEMC046493
W1FEMC036494,MW1FEMC046494
W1FEMC036495,MW1FEMC046495
W1FEMC036496,MW1FEMC046496
W1FEMC036497,MW1FEMC046497
W1FEMC036499,MW1FEMC046499
W1FEMC036500,MW1FEMC046500
W1FEMC036501,MW1FEMC046501
W1FEMC036502,MW1FEMC046502
W1FEMC036503,MW1FEMC046503
W1FEMC036504,MW1FEMC046504
W1FEMC036505,MW1FEMC046505
W1FEMC036506,MW1FEMC046506
W1FEMC036507,MW1FEMC046507
W1FEMC036508,MW1FEMC046508
W1FEMC036509,MW1FEMC046509
W1FEMC036510,MW1FEMC046510
W1FEMC036511,MW1FEMC046511
W1FEMC036512,MW1FEMC046512
W1FEMC036513,MW1FEMC046513
W1FEMC036514,MW1FEMC046514
W1FEMC036515,MW1FEMC046515
W1FEMC036516,MW1FEMC046516
W1FEMC036517,MW1FEMC046517
W1FEMC036518,MW1FEMC046518
W1FEMC036519,MW1FEMC046519
W1FEMC036520,MW1FEMC046520
W1FEMC036521,MW1FEMC046521
W1FEMC036522,MW1FEMC046522
W1FEMC036523,MW1FEMC046523
W1FEMC036524,MW1FEMC046524
W1FEMC036525,MW1FEMC046525
W1FEMC036526,MW1FEMC046526
W1FEMC036527,MW1FEMC046527
W1FEMC036528,MW1FEMC046528
W1FEMC036529,MW1FEMC046529
W1FEMC036530,MW1FEMC046530
W1FEMC036531,MW1FEMC046531
W1FEMC036532,MW1FEMC046532
W1FEMC036533,MW1FEMC046533
W1FEMC036534,MW1FEMC046534
W1FEMC036535,MW1FEMC046535
W1FEMC036536,MW1FEMC046536
W1FEMC036537,MW1FEMC046537
W1FEMC036538,MW1FEMC046538
W1FEMC036539,MW1FEMC046539
W1FEMC036540,MW1FEMC046540
W1FEMC036541,MW1FEMC046541
W1FEMC036542,MW1FEMC046542
W1FEMC036543,MW1FEMC046543
W1FEMC036544,MW1FEMC046544
W1FEMC036545,MW1FEMC046545
W1FEMC036546,MW1FEMC046546
W1FEMC036547,MW1FEMC046547
W1FEMC036548,MW1FEMC046548
W1FEMC036549,MW1FEMC046549
W1FEMC036550,MW1FEMC046550
W1FEMC036551,MW1FEMC046551
W1FEMC036552,MW1FEMC046552
W1FEMC036553,MW1FEMC046553
W1FEMC036554,MW1FEMC046554
W1FEMC036555,MW1FEMC046555
W1FEMC036556,MW1FEMC046556
W1FEMC036557,MW1FEMC046557
W1FEMC036558,MW1FEMC046558
W1FEMC036559,MW1FEMC046559
W1FEMC036560,MW1FEMC046560
W1FEMC036561,MW1FEMC046561
W1FEMC036562,MW1FEMC046562
W1FEMC036563,MW1FEMC046563
W1FEMC036564,MW1FEMC046564
W1FEMC036565,MW1FEMC046565
W1FEMC036566,MW1FEMC046566
W1FEMC036567,MW1FEMC046567
W1FEMC036568,MW1FEMC046568
W1FEMC036569,MW1FEMC046569
W1FEMC036570,MW1FEMC046570
W1FEMC036571,MW1FEMC046571
W1FEMC036572,MW1FEMC046572
W1FEMC036573,MW1FEMC046573
W1FEMC036574,MW1FEMC046574
W1FEMC036575,MW1FEMC046575
W1FEMC036576,MW1FEMC046576
W1FEMC036577,MW1FEMC046577
W1FEMC036578,MW1FEMC046578
W1FEMC036579,MW1FEMC046579
W1FEMC036580,MW1FEMC046580
W1FEMC036581,MW1FEMC046581
W1FEMC036582,MW1FEMC046582
W1FEMC036583,MW1FEMC046583
W1FEMC036584,MW1FEMC046584
W1FEMC036585,MW1FEMC046585
W1FEMC036586,MW1FEMC046586
W1FEMC036587,MW1FEMC046587
W1FEMC036588,MW1FEMC046588
W1FEMC036589,MW1FEMC046589
W1FEMC036590,MW1FEMC046590
W1FEMC036591,MW1FEMC046591
W1FEMC036592,MW1FEMC046592
W1FEMC036593,MW1FEMC046593
W1FEMC036594,MW1FEMC046594
W1FEMC036595,MW1FEMC046595
W1FEMC036596,MW1FEMC046596
W1FEMC036597,MW1FEMC046597
W1FEMC036598,MW1FEMC046598
W1FEMC036599,MW1FEMC046599
W1FEMC036600,MW1FEMC046600
W1FEMC036601,MW1FEMC046601
W1FEMC036602,MW1FEMC046602
W1FEMC036603,MW1FEMC046603
W1FEMC036604,MW1FEMC046604
W1FEMC036605,MW1FEMC046605
W1FEMC036606,MW1FEMC046606
W1FEMC036607,MW1FEMC046607
W1FEMC036608,MW1FEMC046608
W1FEMC036609,MW1FEMC046609
W1FEMC036610,MW1FEMC046610
W1FEMC036611,MW1FEMC046611
W1FEMC036612,MW1FEMC046612
W1FEMC036613,MW1FEMC046613
W1FEMC036614,MW1FEMC046614
W1FEMC036615,MW1FEMC046615
W1FEMC036616,MW1FEMC046616
W1FEMC036617,MW1FEMC046617
W1FEMC036618,MW1FEMC046618
W1FEMC036619,MW1FEMC046619
W1FEMC036620,MW1FEMC046620
W1FEMC036621,MW1FEMC046621
W1FEMC036622,MW1FEMC046622
W1FEMC036623,MW1FEMC046623
W1FEMC036624,MW1FEMC046624
W1FEMC036625,MW1FEMC046625
W1FEMC036626,MW1FEMC046626
W1FEMC036627,MW1FEMC046627
W1FEMC036628,MW1FEMC046628
W1FEMC036629,MW1FEMC046629
W1FEMC036630,MW1FEMC046630
W1FEMC036631,MW1FEMC046631
W1FEMC036632,MW1FEMC046632
W1FEMC036633,MW1FEMC046633
W1FEMC036634,MW1FEMC046634
W1FEMC036635,MW1FEMC046635
W1FEMC036636,MW1FEMC046636
W1FEMC036637,MW1FEMC046637
W1FEMC036638,MW1FEMC046638
W1FEMC036639,MW1FEMC046639
W1FEMC036640,MW1FEMC046640
W1FEMC036641,MW1FEMC046641
W1FEMC036642,MW1FEMC046642
W1FEMC036643,MW1FEMC046643
W1FEMC036644,MW1FEMC046644
W1FEMC036645,MW1FEMC046645
W1FEMC036646,MW1FEMC046646
W1FEMC036647,MW1FEMC046647
W1FEMC036648,MW1FEMC046648
W1FEMC036649,MW1FEMC046649
W1FEMC036650,MW1FEMC046650
W1FEMC036651,MW1FEMC046651
W1FEMC036652,MW1FEMC046652
W1FEMC036653,MW1FEMC046653
W1FEMC036654,MW1FEMC046654
W1FEMC036655,MW1FEMC046655
W1FEMC036656,MW1FEMC046656
W1FEMC036657,MW1FEMC046657
W1FEMC036658,MW1FEMC046658
W1FEMC036659,MW1FEMC046659
W1FEMC036660,MW1FEMC046660
W1FEMC036661,MW1FEMC046661
W1FEMC036662,MW1FEMC046662
W1FEMC036663,MW1FEMC046663
W1FEMC036664,MW1FEMC046664
W1FEMC036665,MW1FEMC046665
W1FEMC036666,MW1FEMC046666
W1FEMC036667,MW1FEMC046667
W1FEMC036668,MW1FEMC046668
W1FEMC036669,MW1FEMC046669
W1FEMC036670,MW1FEMC046670
W1FEMC036671,MW1FEMC046671
W1FEMC036672,MW1FEMC046672
W1FEMC036673,MW1FEMC046673
W1FEMC036674,MW1FEMC046674
W1FEMC036675,MW1FEMC046675
W1FEMC036676,MW1FEMC046676
W1FEMC036677,MW1FEMC046677
W1FEMC036678,MW1FEMC046678
W1FEMC036679,MW1FEMC046679
W1FEMC036680,MW1FEMC046680
W1FEMC036681,MW1FEMC046681
W1FEMC036682,MW1FEMC046682
W1FEMC036683,MW1FEMC046683
W1FEMC036684,MW1FEMC046684
W1FEMC036685,MW1FEMC046685
W1FEMC036686,MW1FEMC046686
W1FEMC036687,MW1FEMC046687
W1FEMC036688,MW1FEMC046688
W1FEMC036689,MW1FEMC046689
W1FEMC036690,MW1FEMC046690
W1FEMC036691,MW1FEMC046691
W1FEMC036692,MW1FEMC046692
W1FEMC036693,MW1FEMC046693
W1FEMC036694,MW1FEMC046694
W1FEMC036695,MW1FEMC046695
W1FEMC036696,MW1FEMC046696
W1FEMC036697,MW1FEMC046697
W1FEMC036698,MW1FEMC046698
W1FEMC036699,MW1FEMC046699
W1FEMC036700,MW1FEMC046700
W1FEMC036701,MW1FEMC046701
W1FEMC036702,MW1FEMC046702
W1FEMC036703,MW1FEMC046703
W1FEMC036704,MW1FEMC046704
W1FEMC036705,MW1FEMC046705
W1FEMC036706,MW1FEMC046706
W1FEMC036707,MW1FEMC046707
W1FEMC036708,MW1FEMC046708
W1FEMC036709,MW1FEMC046709
W1FEMC036710,MW1FEMC046710
W1FEMC036711,MW1FEMC046711
W1FEMC036712,MW1FEMC046712
W1FEMC036713,MW1FEMC046713
W1FEMC036714,MW1FEMC046714
W1FEMC036715,MW1FEMC046715
W1FEMC036716,MW1FEMC046716
W1FEMC036717,MW1FEMC046717
W1FEMC036718,MW1FEMC046718
W1FEMC036719,MW1FEMC046719
W1FEMC036720,MW1FEMC046720
W1FEMC036721,MW1FEMC046721
W1FEMC036724,MW1FEMC046724
W1FEMC036725,MW1FEMC046725
W1FEMC036726,MW1FEMC046726
W1FEMC036727,MW1FEMC046727
W1FEMC037007,MW1FEMC047007
W1FEMC037017,MW1FEMC047017
W1FEMC037018,MW1FEMC047018
W1FEMC037019,MW1FEMC047019
W1FEMC037020,MW1FEMC047020
W1FEMC037021,MW1FEMC047021
W1FEMC037023,MW1FEMC047023
W1FEMC037024,MW1FEMC047024
W1FEMC037026,MW1FEMC047026
W1FEMC037027,MW1FEMC047027
W1FEMC037035,MW1FEMC047035
W1FEMC037056,MW1FEMC047056
W1FEMC037059,MW1FEMC047059
W1FEMC037060,MW1FEMC047060
W1FEMC037062,MW1FEMC047062
W1FEMC037065,MW1FEMC047065
W1FEMC037066,MW1FEMC047066
W1FEMC037074,MW1FEMC047074
W1FEMC037075,MW1FEMC047075
W1FEMC037078,MW1FEMC047078
W1FEMC037088,MW1FEMC047088
W1FEMC037089,MW1FEMC047089
W1FEMC037096,MW1FEMC047096
W1FEMC037103,MW1FEMC047103
W1FEMC037104,MW1FEMC047104
W1FEMC037105,MW1FEMC047105
W1FEMC037118,MW1FEMC047118
W1FEMC037129,MW1FEMC047129
W1FEMC037130,MW1FEMC047130
W1FEMC037155,MW1FEMC047155
W1FEMC037156,MW1FEMC047156
W1FEMC037179,MW1FEMC047179
W1FEMC037181,MW1FEMC047181
W1FEMC037182,MW1FEMC047182
W1FEMC037190,MW1FEMC047190
W1FEMC037191,MW1FEMC047191
W1FEMC037240,MW1FEMC047240
W1FEMC037240,MW1FEMC047244
W1FEMC037240,MW1FEMC047245
W1FEMC037241,MW1FEMC047241
W1FEMC037242,MW1FEMC047242
W1FEMC037242,MW1FEMC047246
W1FEMC037242,MW1FEMC047247
W1FEMC037243,MW1FEMC047243
W1FEMC037244,MW1FEMC047240
W1FEMC037244,MW1FEMC047244
W1FEMC037244,MW1FEMC047245
W1FEMC037245,MW1FEMC047240
W1FEMC037245,MW1FEMC047244
W1FEMC037245,MW1FEMC047245
W1FEMC037246,MW1FEMC047242
W1FEMC037246,MW1FEMC047246
W1FEMC037246,MW1FEMC047247
W1FEMC037247,MW1FEMC047242
W1FEMC037247,MW1FEMC047246
W1FEMC037247,MW1FEMC047247
W1FEMC037248,MW1FEMC047250
W1FEMC037249,MW1FEMC047249
W1FEMC037250,MW1FEMC047250
W1FEMC037251,MW1FEMC047251
W1FEMC037252,MW1FEMC047252
W1FEMC037254,MW1FEMC047254
W1FEMC037255,MW1FEMC047255
W1FEMC037255,MW1FEMC047256
W1FEMC037255,MW1FEMC047257
W1FEMC037256,MW1FEMC047255
W1FEMC037256,MW1FEMC047256
W1FEMC037256,MW1FEMC047257
W1FEMC037257,MW1FEMC047255
W1FEMC037257,MW1FEMC047256
W1FEMC037257,MW1FEMC047257
W1FEMC037259,MW1FEMC047259
W1FEMC037260,MW1FEMC047260
W1FEMC037262,MW1FEMC047262
W1FEMC037263,MW1FEMC047263
W1FEMC037272,MW1FEMC047272
W1FEMC037273,MW1FEMC047273
W1FEMC037274,MW1FEMC047274
W1FEMC037275,MW1FEMC047275
W1FEMC037276,MW1FEMC047276
W1FEMC037276,MW1FEMC047277
W1FEMC037277,MW1FEMC047276
W1FEMC037277,MW1FEMC047277
W1FEMC037278,MW1FEMC047278
W1FEMC037279,MW1FEMC047279
W1FEMC037280,MW1FEMC047280
W1FEMC037281,MW1FEMC047281
W1FEMC037282,MW1FEMC047282
W1FEMC037283,MW1FEMC047283
W1FEMC037284,MW1FEMC047284
W1FEMC037285,MW1FEMC047285
W1FEMC037285,MW1FEMC047286
W1FEMC037285,MW1FEMC047287
W1FEMC037286,MW1FEMC047285
W1FEMC037286,MW1FEMC047286
W1FEMC037286,MW1FEMC047287
W1FEMC037287,MW1FEMC047285
W1FEMC037287,MW1FEMC047286
W1FEMC037287,MW1FEMC047287
W1FEMC037419,MW1FEMC047419
W1FEMC037420,MW1FEMC047420
W1FEMC037421,MW1FEMC047421
W1FEMC037422,MW1FEMC047422
W1FEMC037423,MW1FEMC047423
W1FEMC037424,MW1FEMC047424
W1FEMC037424,MW1FEMC047425
W1FEMC037425,MW1FEMC047424
W1FEMC037425,MW1FEMC047425
W1FEMC037426,MW1FEMC047426
W1FEMC037427,MW1FEMC047427
W1FEMC037428,MW1FEMC047428
W1FEMC037569,MW1FEMC047585
W1FEMC037570,MW1FEMC047586
