W00EGS1016286,W00EGS1016202
W00EGS1016620,W00EGS1016612
W00EGS1016951,W3CN9793
W00EGS1016981,W8LS44157
W00EGS1017134,W00EGS1017133
W00EGS1017136,W00EGS1017133
W00EGS1017144,W00EGS1016927
W00EGS1017147,W00EGS1016927
W00EGS1017420,W00EGS1017123
W00EGS1017463,W00EGS1017462
W00EGS1017511,W00EGS1017462
W00EGS1017628,W00EGS1017462
W00EGS1017863,W00EGS1017462
W00EGS1018126,W00EGS1017462
W00KG02743,W19856
W00KG03598,W00KG03597
W00KG03599,W00KG03597
W00KG03600,W00KG03597
W00KG03601,W00KG03597
W00KG03604,W00KG03603
W00KG03608,W00KG03606
W00KG03690,W00EGS1017328
W00KG03704,W00KG03697
W00KG03811,W00KG03809
W00KG03813,W00KG03809
W00KG03814,W00KG03809
W00KG0539,W00EGS1017123
W00KG07599,W00KG013
W00KG07627,W00KG07624
W00KG08442,W00EGS1017421
W00KG09382,W00KG09211
W00KG09387,W00KG09211
W00KG09662,W2KG5036
W00PD1011352,W00EGS1017462
W00PD1011353,W00EGS1017462
W00PD1011354,W00EGS1017462
W10247,W00KG09682
W10437,W00KG09682
W10754,W10206
W11847,W10232
W12362,W11818
W12567,W10232
W12624,W11225
W13868,W00EGS1017462
W14081,W140
W14322,W00KG09211
W14516,W10232
W15232,W00EGS1016202
W15588,W00EGS1017462
W15590,W00EGS1017462
W15659,W10232
W15749,W00EGS1016202
W15925,W00EGS1017462
W15960,W11818
W16482,W00KG03654
W16484,W00KG03654
W16912,W00EGS1016202
W17033,W140
W17162,W10232
W17169,W00EGS1016202
W17276,W00KG09682
W17713,W00EGS1017462
W17789,W00KG09682
W17836,W00EGS1016202
W18579,W00KG09682
W18978,W11225
W1904,W140
W19220,W00KG09682
W19223,W10206
W1923,W10232
W19351,W10206
W19357,W00KG09211
W19461,W10206
W19550,W00EGS1016202
W19554,W00EGS1016202
W19578,W19277
W19605,W19604
W19606,W19604
W19615,W11225
W19664,W00EGS1016202
W19792,W20019
W19811,W11225
W19816,W10232
W19832,W00EGS1016202
W19960,W19959
W19961,W19959
W19976,W00EGS1016202
W1AB7,W1AB6
W1AC16,W140
W1AC18,W140
W1AC19,W140
W1AC20,W140
W1AC207,W140
W1AC208,W140
W1AC209,W140
W1AC21,W140
W1AC210,W140
W1AC211,W140
W1AC212,W140
W1AC213,W140
W1AC214,W140
W1AC215,W140
W1AC216,W140
W1AC217,W140
W1AC218,W140
W1AC219,W140
W1AC22,W140
W1AC220,W140
W1AC221,W140
W1AC222,W140
W1AC223,W140
W1AC224,W140
W1AC225,W140
W1AC226,W140
W1AC228,W1AC227
W1AC229,W1AC227
W1AC230,W1AC227
W1AC231,W1AC227
W1AC232,W1AC227
W1AC233,W1AC227
W1AC24,W140
W1AC248,W1PD159438
W1AC25,W140
W1AC258,W1AC241
W1AC26,W140
W1AC260,W2PD19120
W1AC269,W1AC265
W1AC27,W140
W1AC271,W1AC270
W1AC272,W1AC270
W1AC273,W1AC270
W1AC274,W1AC270
W1AC275,W1AC270
W1AC276,W1AC270
W1AC277,W1AC270
W1AC28,W140
W1AC280,W1AC279
W1AC281,W1AC279
W1AC282,W1AC279
W1AC283,W1AC279
W1AC284,W1AC279
W1AC287,W1AC252
W1AC29,W140
W1AC30,W140
W1AC306,W1AC305
W1AC307,W1AC305
W1AC309,W1AC308
W1AC31,W140
W1AC311,W1AC310
W1AC312,W1AC310
W1AC314,W8LS18652
W1AC32,W140
W1AC325,W1AC324
W1AC327,W1AC324
W1AC329,W1AC324
W1AC33,W140
W1AC333,W1AC332
W1AC335,W1AC332
W1AC34,W140
W1AC345,W4CZ355785
W1AC35,W140
W1AC36,W140
W1AC364,W140
W1AC37,W140
W1AC372,W1AC371
W1AC373,W1AC371
W1AC374,W1AC308
W1AC375,W1AC308
W1AC376,W1AC308
W1AC378,W1AC377
W1AC379,W1AC377
W1AC38,W140
W1AC380,W1AC377
W1AC381,W1AC377
W1AC383,W1AC382
W1AC384,W1AC382
W1AC385,W1AC382
W1AC386,W1AC382
W1AC387,W1AC382
W1AC388,W1AC382
W1AC389,W1AC382
W1AC39,W140
W1AC390,W1AC382
W1AC391,W00KG09682
W1AC392,W00KG09682
W1AC40,W140
W1AC402,W1AC401
W1AC403,W1AC401
W1AC404,W1AC401
W1AC405,W1PD96997
W1AC408,W00KG018
W1AC41,W140
W1AC411,W1AC418
W1AC412,W1AC418
W1AC413,W1AC418
W1AC414,W1AC418
W1AC415,W1AC418
W1AC416,W1AC418
W1AC417,W1AC418
W1AC42,W140
W1AC43,W140
W1AC436,W1KG25476
W1AC438,W1AC437
W1AC439,W1AC437
W1AC44,W140
W1AC440,W1AC437
W1AC441,W1AC437
W1AC442,W1AC437
W1AC448,W1AC447
W1AC449,W1AC447
W1AC45,W140
W1AC46,W140
W1AC47,W140
W1AC48,W140
W1AC49,W140
W1AC5,W1AC4
W1AC50,W140
W1AC51,W140
W1AC52,W140
W1AC53,W140
W1AC54,W140
W1AC55,W140
W1AC56,W140
W1AC57,W140
W1AC6,W1AC4
W1AC7,W1AC4
W1AC8,W1AC4
W1GS10,W00EGS1017462
W1GS11,W00EGS1017462
W1GS134940,W1AB6
W1GS2,W00EGS1017462
W1GS2162,W00EGS1016202
W1GS4,W00EGS1017462
W1GS49280,W2DB4577
W1GS5,W00EGS1017462
W1GS55180,W1AC355
W1GS57624,W00EGS1016202
W1GS60377,W1GS58453
W1GS60386,W1GS58453
W1GS60395,W00EGS1017177
W1GS60399,W1GS58453
W1GS66344,W1GS66332
W1GS8,W00EGS1017462
W1GS88816,W00KG09682
W1GS9,W00EGS1017462
W1GS91831,W00KG09682
W1KG10067,W11225
W1KG10193,W11225
W1KG10237,W00KG09211
W1KG10289,W11225
W1KG10436,W00KG09211
W1KG10440,W11225
W1KG10630,W00EGS1017421
W1KG10631,W00EGS1017421
W1KG10637,W10206
W1KG10772,W11818
W1KG1094,W00EGS1017462
W1KG1096,W00EGS1017462
W1KG1097,W00EGS1017462
W1KG1104,W00EGS1017462
W1KG1106,W00EGS1017462
W1KG116068,W1KG116067
W1KG116069,W1KG116067
W1KG116071,W1KG116067
W1KG12075,W11225
W1KG12090,W1KG12089
W1KG12222,W140
W1KG12625,W00EGS1017177
W1KG12655,W10979
W1KG12690,W00EGS1016202
W1KG12776,W00EGS1016202
W1KG12962,W00KG09211
W1KG12980,W00EGS1017177
W1KG12984,W00EGS1017177
W1KG12985,W00EGS1017177
W1KG12987,W00EGS1017177
W1KG13001,W00EGS1017177
W1KG13012,W00EGS1017177
W1KG13013,W00EGS1017177
W1KG13014,W00EGS1017177
W1KG13015,W00EGS1017177
W1KG13016,W00EGS1017177
W1KG13017,W00EGS1017177
W1KG13018,W00EGS1017177
W1KG13107,W1KG13022
W1KG13108,W1KG13022
W1KG13109,W1KG13022
W1KG13110,W1KG13022
W1KG13111,W1KG13022
W1KG13112,W1KG13022
W1KG13113,W1KG13022
W1KG13114,W1KG13022
W1KG13117,W1KG13116
W1KG13118,W1KG13116
W1KG13119,W1KG13116
W1KG13120,W1KG13116
W1KG13121,W1KG13116
W1KG13432,W00KG09682
W1KG1354,W1KG1350
W1KG1356,W00EGS1016612
W1KG1358,W00EGS1016612
W1KG1360,W1KG1350
W1KG1362,W1KG1350
W1KG1364,W1KG1350
W1KG13778,W1KG13780
W1KG13781,W1KG13780
W1KG13797,W1KG13762
W1KG13810,W00KG03603
W1KG13820,W00KG03603
W1KG14009,W1KG13999
W1KG1408,W1KG1350
W1KG1412,W00EGS1016612
W1KG14133,W1KG13999
W1KG14135,W1KG13999
W1KG14136,W1KG14001
W1KG14137,W1KG13995
W1KG14138,W1KG13995
W1KG14139,W1KG13999
W1KG1418,W00EGS1016612
W1KG1419,W1KG1350
W1KG1422,W00EGS1016612
W1KG1424,W1KG1350
W1KG1426,W1KG1350
W1KG1428,W1KG1350
W1KG14303,W2DB4577
W1KG14335,W2DB4577
W1KG1445,W00KG03597
W1KG14467,W1KG14456
W1KG14468,W1KG14456
W1KG14475,W1KG12152
W1KG14505,W140
W1KG14506,W140
W1KG14507,W140
W1KG14509,W1KG14508
W1KG14511,W1KG14508
W1KG14513,W1KG14512
W1KG14515,W1KG14514
W1KG14516,W1KG14514
W1KG14522,W1KG14520
W1KG14530,W1AC252
W1KG14533,W1KG14532
W1KG14534,W1KG14518
W1KG14535,W1KG14508
W1KG14552,W1KG14556
W1KG14590,W8LS68247
W1KG14594,W1KG14592
W1KG14595,W1KG14592
W1KG14596,W1KG14592
W1KG14597,W1KG14532
W1KG14598,W1KG14532
W1KG1460,W1KG1350
W1KG14604,W1KG14556
W1KG14614,W00EGS1017462
W1KG14615,W00EGS1017462
W1KG14616,W00EGS1017462
W1KG14617,W00EGS1017462
W1KG14618,W00EGS1017462
W1KG1462,W1KG1350
W1KG14620,W00EGS1017462
W1KG14621,W00EGS1017462
W1KG14622,W00EGS1017462
W1KG14623,W00EGS1017462
W1KG14624,W00EGS1017462
W1KG14625,W00EGS1017462
W1KG14626,W00EGS1017462
W1KG14627,W00EGS1017462
W1KG14628,W00EGS1017462
W1KG1464,W00EGS1016612
W1KG14663,W1KG14662
W1KG14664,W1KG14662
W1KG14665,W1KG14662
W1KG14666,W1KG14662
W1KG1467,W1KG1350
W1KG14672,W1KG14662
W1KG14673,W1KG14662
W1KG14674,W1KG14662
W1KG14675,W1KG14662
W1KG14676,W1KG14662
W1KG14677,W1KG14662
W1KG14694,W00KG09682
W1KG14708,W1KG14680
W1KG14733,W1KG14729
W1KG14734,W1KG14729
W1KG14735,W1KG14729
W1KG14736,W1KG14729
W1KG14737,W1KG14729
W1KG14738,W1KG14729
W1KG14740,W1KG14739
W1KG14741,W1KG14739
W1KG14742,W1KG14739
W1KG14746,W1KG14739
W1KG14749,W1KG14739
W1KG14750,W1KG14739
W1KG1476,W00EGS1016612
W1KG1477,W1KG1350
W1KG14776,W1GS88133
W1KG1478,W1KG1350
W1KG1480,W1KG1350
W1KG14800,W140
W1KG14815,W1GS140301
W1KG14896,W1KG14592
W1KG14961,W140
W1KG14964,W140
W1KG15004,W1KG15003
W1KG15007,W1KG15003
W1KG15008,W1KG15003
W1KG15010,W1KG15003
W1KG15036,W00KG09211
W1KG15037,W00KG09211
W1KG15366,W1KG16734
W1KG15383,W140
W1KG15384,W140
W1KG15408,W00KG09211
W1KG15482,W140
W1KG15516,W1KG11702
W1KG15517,W1KG11702
W1KG15518,W1KG11702
W1KG15593,W140
W1KG15596,W140
W1KG15603,W140
W1KG15604,W140
W1KG15807,W140
W1KG15817,W140
W1KG15822,W140
W1KG15827,W140
W1KG15830,W140
W1KG15934,W1KG15933
W1KG15936,W140
W1KG15937,W140
W1KG15938,W140
W1KG15939,W140
W1KG15940,W140
W1KG15961,W1KG15927
W1KG15965,W1KG15927
W1KG15968,W140
W1KG15973,W140
W1KG15974,W140
W1KG15977,W140
W1KG15989,W1KG15927
W1KG15990,W1KG15927
W1KG15995,W1KG15927
W1KG15996,W140
W1KG16132,W140
W1KG16133,W140
W1KG16138,W140
W1KG16139,W140
W1KG16146,W140
W1KG16147,W140
W1KG16155,W140
W1KG16156,W140
W1KG16157,W140
W1KG16158,W140
W1KG16159,W140
W1KG16160,W140
W1KG16203,W1KG15927
W1KG16205,W1KG15927
W1KG16207,W8LS66382
W1KG16208,W1KG15927
W1KG16211,W00EGS1017328
W1KG16214,W1KG16213
W1KG16216,W1KG16213
W1KG16277,W140
W1KG16452,W140
W1KG16455,W140
W1KG16458,W140
W1KG16462,W140
W1KG16463,W140
W1KG16464,W140
W1KG16553,W00KG09682
W1KG16555,W00KG09682
W1KG16564,W1KG16562
W1KG16565,W1KG16562
W1KG16566,W1KG16562
W1KG16567,W1KG16562
W1KG16569,W1KG16562
W1KG16570,W1KG16562
W1KG16571,W1KG16562
W1KG16572,W1KG16562
W1KG16574,W1KG25734
W1KG16590,W1KG16589
W1KG16591,W1KG16589
W1KG16592,W1KG16589
W1KG16593,W1KG16589
W1KG16594,W1KG16589
W1KG16595,W1KG16589
W1KG16596,W1KG16589
W1KG16597,W1KG25599
W1KG16598,W1AC291
W1KG16599,W1KG11702
W1KG16600,W1KG11702
W1KG16601,W1KG11702
W1KG16602,W1KG11702
W1KG16603,W1KG11702
W1KG16604,W1KG11702
W1KG16605,W1KG11702
W1KG16606,W1KG11702
W1KG16607,W1KG11702
W1KG16608,W1KG11702
W1KG16609,W1KG11702
W1KG16610,W1KG11702
W1KG16611,W1KG11702
W1KG16612,W1KG11702
W1KG16613,W1KG11702
W1KG16652,W1KG16651
W1KG16655,W2DB4577
W1KG16666,W2DB4577
W1KG16667,W00KG09682
W1KG16668,W00KG09682
W1KG16669,W00KG09682
W1KG16672,W1KG16671
W1KG16702,W1KG14512
W1KG16703,W1KG14512
W1KG16704,W1KG14512
W1KG16705,W1KG14512
W1KG16706,W1KG14512
W1KG16707,W1KG14512
W1KG16708,W1KG14512
W1KG16712,W1KG16711
W1KG16714,W1KG16651
W1KG16716,W1KG16715
W1KG16719,W1KG16715
W1KG16720,W1KG16715
W1KG16731,W00KG03654
W1KG16732,W1KG1582
W1KG16735,W1KG16734
W1KG16736,W1KG16734
W1KG16737,W1KG16734
W1KG16738,W1KG16734
W1KG16741,W1AB6
W1KG16742,W1KG14970
W1KG16744,W00KG09211
W1KG16754,W00KG09211
W1KG16787,W1KG16786
W1KG16788,W1KG16786
W1KG16789,W1KG16786
W1KG16790,W1KG16786
W1KG16791,W1KG16786
W1KG16792,W1KG16786
W1KG16793,W1KG16786
W1KG16794,W1KG16786
W1KG16795,W1KG16786
W1KG16796,W1AC410
W1KG16797,W1AC410
W1KG16798,W1AC410
W1KG16799,W1AC410
W1KG16800,W1AC410
W1KG16801,W1AC410
W1KG16802,W1AC410
W1KG16803,W1AC410
W1KG16804,W1AC410
W1KG16805,W1AC410
W1KG16806,W1AC410
W1KG17055,W1KG16562
W1KG17056,W1KG16562
W1KG17111,W140
W1KG17112,W140
W1KG17113,W140
W1KG17114,W140
W1KG17281,W1KG17157
W1KG17282,W1KG17157
W1KG1795,W1AC377
W1KG1796,W1AC377
W1KG1797,W1AC377
W1KG1802,W1AC377
W1KG1803,W1AC377
W1KG1804,W1AC377
W1KG18129,W140
W1KG18130,W140
W1KG18131,W140
W1KG18132,W140
W1KG18133,W140
W1KG18134,W140
W1KG18135,W140
W1KG18136,W140
W1KG18137,W140
W1KG18138,W140
W1KG18139,W140
W1KG18140,W140
W1KG18169,W140
W1KG18170,W140
W1KG18171,W140
W1KG18172,W140
W1KG18173,W140
W1KG18174,W140
W1KG18175,W140
W1KG18184,W140
W1KG18185,W140
W1KG18186,W140
W1KG18187,W140
W1KG18188,W140
W1KG18189,W140
W1KG18190,W140
W1KG18239,W00KG09211
W1KG18254,W140
W1KG18255,W140
W1KG18275,W140
W1KG18292,W1KG13022
W1KG18487,W1KG18486
W1KG18488,W1KG18486
W1KG18489,W1KG18486
W1KG18490,W1KG18486
W1KG18491,W1KG18486
W1KG18492,W1KG18486
W1KG18532,W1CZ2408
W1KG18572,W1KG18571
W1KG18573,W1KG18571
W1KG18574,W1KG18571
W1KG18626,W1KG18624
W1KG18833,W00KG09211
W1KG20639,W1KG16671
W1KG20783,W00EGS1017069
W1KG20785,W1KG22946
W1KG20853,W1KG18571
W1KG20881,W1KG14132
W1KG20928,W1KG14132
W1KG20959,W00EGS1016612
W1KG20960,W1KG14132
W1KG20961,W1KG13996
W1KG20989,W00EGS1016612
W1KG20990,W1KG13995
W1KG21001,W1KG13995
W1KG21140,W1KG13995
W1KG21176,W19992
W1KG2119,W1KG17609
W1KG2120,W1KG17609
W1KG21293,W00EGS1016612
W1KG21294,W00EGS1016612
W1KG21295,W00EGS1016612
W1KG21296,W00EGS1016612
W1KG2164,W1KG17609
W1KG21698,W2CZ8041
W1KG2170,W00EGS1017177
W1KG21700,W19992
W1KG2171,W00EGS1017177
W1KG21721,W00KG09211
W1KG21846,W1KG21014
W1KG21889,W00EGS1016202
W1KG21960,W1KG12152
W1KG22209,W00KG09673
W1KG22233,W1KG22205
W1KG22236,W1KG22205
W1KG22240,W1KG22211
W1KG22270,W1KG22211
W1KG22296,W1KG22205
W1KG22417,W10206
W1KG22421,W1KG22420
W1KG22902,W1KG16562
W1KG22944,W1KG16562
W1KG23263,W140
W1KG23265,W1KG14491
W1KG23266,W1KG14491
W1KG23267,W1GS58453
W1KG23268,W00EGS1016612
W1KG23270,W1KG13995
W1KG23400,W00EGS1016612
W1KG23421,W1KG14001
W1KG23483,W00EGS1016612
W1KG23491,W1KG13995
W1KG23539,W1KG13995
W1KG23615,W1KG13995
W1KG23649,W1KG23648
W1KG23650,W1KG23648
W1KG23651,W1KG23648
W1KG23664,W1KG23648
W1KG23665,W1KG23648
W1KG23666,W1KG23648
W1KG23667,W1KG23648
W1KG23668,W1KG23648
W1KG23670,W1KG23648
W1KG23671,W1KG23648
W1KG23697,W1KG23648
W1KG23698,W1KG23648
W1KG23699,W1KG23648
W1KG23700,W1KG23648
W1KG23701,W1KG23648
W1KG23702,W1KG23648
W1KG23703,W1KG23648
W1KG23704,W1KG23648
W1KG23705,W1KG23648
W1KG23706,W1KG23648
W1KG23707,W1KG23648
W1KG23708,W1KG23648
W1KG23709,W1KG23648
W1KG23710,W1KG23648
W1KG23711,W1KG23648
W1KG23712,W1KG23648
W1KG23713,W1KG23648
W1KG23714,W1KG23648
W1KG23715,W1KG23648
W1KG23716,W1KG23648
W1KG23717,W1KG23648
W1KG23718,W1KG23648
W1KG23719,W1KG23648
W1KG23720,W1KG23648
W1KG23721,W1KG23648
W1KG23736,W1KG23648
W1KG23737,W1KG23648
W1KG23738,W1KG23648
W1KG23739,W1KG23648
W1KG23740,W1KG23648
W1KG23741,W1KG23648
W1KG23764,W00KG09682
W1KG23768,W00EGS1017357
W1KG23769,W1KG23648
W1KG24060,W1KG23648
W1KG24061,W1KG23648
W1KG24099,W1KG23648
W1KG24100,W1KG22211
W1KG24101,W1KG22205
W1KG24105,W1KG23648
W1KG24106,W1KG23648
W1KG24107,W1KG23648
W1KG24108,W1KG23648
W1KG24109,W1KG23648
W1KG24214,W00EGS1017069
W1KG24219,W1KG13996
W1KG24244,W1KG13996
W1KG24245,W00KG09211
W1KG24356,W1KG14132
W1KG24529,W20249
W1KG24530,W1KG13996
W1KG24543,W1KG14132
W1KG24546,W1KG13996
W1KG24601,W140
W1KG24612,W140
W1KG24614,W140
W1KG24615,W140
W1KG24616,W140
W1KG24617,W140
W1KG24618,W140
W1KG24619,W140
W1KG24620,W140
W1KG24621,W140
W1KG24642,W140
W1KG24643,W140
W1KG24644,W140
W1KG24645,W140
W1KG24646,W140
W1KG24647,W140
W1KG24648,W140
W1KG24649,W140
W1KG24650,W140
W1KG24651,W140
W1KG24716,W00EGS1017462
W1KG24720,W00EGS1017462
W1KG24723,W00EGS1017462
W1KG24726,W00EGS1017462
W1KG24729,W00EGS1017462
W1KG24732,W00EGS1017462
W1KG24791,W8LS68229
W1KG24899,W8LS18652
W1KG24930,W1AC410
W1KG24934,W1AC410
W1KG24989,W1PD159454
W1KG25041,W140
W1KG25044,W140
W1KG25047,W140
W1KG25050,W140
W1KG25053,W140
W1KG25056,W140
W1KG25059,W140
W1KG25062,W140
W1KG25065,W140
W1KG25068,W140
W1KG25071,W140
W1KG25074,W140
W1KG25077,W140
W1KG25080,W140
W1KG25083,W140
W1KG25086,W140
W1KG25089,W140
W1KG25092,W140
W1KG25095,W140
W1KG25098,W140
W1KG25101,W140
W1KG25104,W140
W1KG25107,W140
W1KG25110,W140
W1KG25113,W140
W1KG25116,W140
W1KG25119,W140
W1KG25122,W140
W1KG25125,W140
W1KG25128,W140
W1KG25132,W140
W1KG25135,W140
W1KG25141,W140
W1KG25144,W140
W1KG25147,W140
W1KG25150,W140
W1KG25153,W140
W1KG25156,W140
W1KG25159,W140
W1KG25162,W140
W1KG25165,W140
W1KG25168,W140
W1KG25171,W140
W1KG25174,W140
W1KG25177,W140
W1KG25180,W140
W1KG25183,W140
W1KG25186,W140
W1KG25189,W140
W1KG25192,W140
W1KG25195,W140
W1KG25198,W140
W1KG25201,W140
W1KG25204,W140
W1KG25207,W140
W1KG25210,W140
W1KG25213,W140
W1KG25216,W140
W1KG25219,W140
W1KG25222,W140
W1KG25225,W140
W1KG25228,W140
W1KG25231,W140
W1KG25234,W140
W1KG25237,W140
W1KG25240,W140
W1KG25243,W140
W1KG25246,W140
W1KG25249,W140
W1KG25252,W140
W1KG25255,W140
W1KG25258,W140
W1KG25261,W140
W1KG25264,W140
W1KG25267,W140
W1KG25270,W140
W1KG25273,W140
W1KG25276,W140
W1KG25279,W140
W1KG25282,W140
W1KG25285,W140
W1KG25288,W140
W1KG25291,W140
W1KG25294,W140
W1KG25297,W140
W1KG25300,W140
W1KG25303,W140
W1KG25307,W140
W1KG25311,W140
W1KG25316,W140
W1KG25320,W140
W1KG25324,W140
W1KG25328,W140
W1KG25332,W140
W1KG25336,W140
W1KG25374,W1KG25371
W1KG25377,W1AC252
W1KG25380,W1AC252
W1KG25383,W1AC252
W1KG25389,W1KG25386
W1KG25392,W1KG25386
W1KG25395,W1KG25386
W1KG25398,W1AC252
W1KG25401,W1AC252
W1KG25404,W1AC252
W1KG25407,W1KG25371
W1KG25410,W1KG25371
W1KG25413,W1AC252
W1KG25416,W1AC252
W1KG25419,W1KG25371
W1KG25422,W1KG25371
W1KG25431,W1KG25599
W1KG25440,W1AC252
W1KG25446,W1KG25371
W1KG25449,W1KG25371
W1KG25452,W1AC252
W1KG25455,W1AC252
W1KG25458,W1KG25371
W1KG25464,W1KG25386
W1KG25467,W1KG25386
W1KG25470,W1KG25386
W1KG25473,W1AC252
W1KG25479,W1AC252
W1KG25485,W1AC252
W1KG25488,W1AC252
W1KG25491,W1AC252
W1KG25494,W1KG25371
W1KG25497,W1KG25371
W1KG25500,W1KG25371
W1KG25506,W1AC252
W1KG25515,W1KG14512
W1KG25518,W1AC252
W1KG25521,W1AC252
W1KG25527,W1AC252
W1KG25539,W1KG25536
W1KG25542,W1KG25536
W1KG25566,W1AC252
W1KG25569,W1KG25533
W1KG25572,W1KG25476
W1KG25575,W1KG25533
W1KG25578,W1KG25599
W1KG25581,W1AC252
W1KG25587,W1KG25533
W1KG25593,W1AC252
W1KG25596,W1KG25533
W1KG25608,W1KG25476
W1KG25667,W1KG24971
W1KG25673,W1KG24971
W1KG25685,W00EGS1017462
W1KG25688,W00EGS1017462
W1KG25725,W1KG13125
W1KG25731,W1KG14532
W1KG25740,W1KG25734
W1KG25743,W1KG25734
W1KG25749,W1KG14599
W1KG25752,W1KG25734
W1KG25758,W1KG25734
W1KG25761,W1KG18575
W1KG25770,W1KG16711
W1KG25773,W1KG16711
W1KG25785,W1KG25734
W1KG25791,W1KG25788
W1KG25794,W1KG25788
W1KG25809,W1KG25806
W1KG25849,W1KG18571
W1KG25855,W1AC355
W1KG25870,W1KG25867
W1KG25873,W1KG25867
W1KG25876,W1KG25867
W1KG25882,W1KG25867
W1KG25885,W1KG25867
W1KG25897,W1KG25867
W1KG25900,W1KG25867
W1KG25903,W1KG25867
W1KG25906,W1KG25867
W1KG25910,W1KG14132
W1KG25911,W1KG13996
W1KG25912,W1KG13996
W1KG25919,W1KG22211
W1KG26068,W1KG14001
W1KG26069,W1KG13995
W1KG26101,W00KG09759
W1KG26107,W1KG26106
W1KG26109,W1KG26106
W1KG26278,W2PD19112
W1KG3383,W1KG3381
W1KG3386,W1KG3381
W1KG3930,W1KG3381
W1KG3931,W1KG3381
W1KG3934,W1KG3381
W1KG4190,W10979
W1KG4191,W10979
W1KG4192,W10979
W1KG4216,W00EGS1016202
W1KG4223,W1KG4222
W1KG4224,W1KG4222
W1KG4225,W1KG4222
W1KG4226,W1KG4222
W1KG4227,W1KG4222
W1KG4242,W1KG4241
W1KG4243,W1KG4241
W1KG4244,W1KG4241
W1KG4253,W1KG4251
W1KG4254,W1KG4251
W1KG4255,W1KG4251
W1KG4273,W1KG4271
W1KG4274,W1KG4241
W1KG4287,W1KG4231
W1KG4289,W1KG4222
W1KG4290,W1KG4222
W1KG4291,W1KG4222
W1KG4292,W1KG4222
W1KG4293,W1KG4222
W1KG4294,W1KG4222
W1KG4303,W1KG4231
W1KG4428,W00KG03654
W1KG4525,W1KG17609
W1KG4608,W1KG4231
W1KG483,W1KG3381
W1KG4847,W1CZ2280
W1KG4884,W2DB4577
W1KG4919,W00KG09211
W1KG4920,W00KG09211
W1KG4931,W00KG09759
W1KG4938,W1KG22211
W1KG4944,W1KG22211
W1KG5093,W1KG14743
W1KG5149,W1KG17609
W1KG521,W1PD53259
W1KG5341,W00KG0616
W1KG5395,W1KG5688
W1KG5451,W1KG4231
W1KG5477,W1KG5476
W1KG5478,W1KG5476
W1KG5479,W1KG5476
W1KG5560,W1KG14743
W1KG5609,W1KG13995
W1KG5611,W1KG13998
W1KG5613,W1KG14001
W1KG5615,W1KG13996
W1KG5618,W00KG03658
W1KG5619,W1KG14132
W1KG5622,W1KG13995
W1KG5623,W1KG14132
W1KG5624,W1KG14001
W1KG5625,W1KG13996
W1KG5626,W00EGS1016612
W1KG5815,W1KG4241
W1KG5816,W1KG4241
W1KG5817,W1KG4241
W1KG5846,W1KG5793
W1KG5857,W1AB6
W1KG5859,W1KG22205
W1KG5868,W1KG22205
W1KG5871,W1KG22205
W1KG5872,W1KG5866
W1KG5875,W1KG22205
W1KG5876,W1KG22205
W1KG5994,W1KG4251
W1KG5995,W1KG4251
W1KG5996,W1KG4251
W1KG5997,W1KG4251
W1KG6000,W1KG4251
W1KG6002,W1KG4251
W1KG6014,W00EGS1017421
W1KG6122,W1KG6120
W1KG6124,W1KG6120
W1KG6129,W1KG6120
W1KG6132,W1KG6120
W1KG6134,W1KG6120
W1KG6135,W1KG6120
W1KG6136,W1KG6120
W1KG6137,W1KG6120
W1KG6139,W1KG12514
W1KG6140,W1KG12514
W1KG6147,W00KG03654
W1KG6202,W1KG13815
W1KG6247,W00EGS1017421
W1KG6248,W00EGS1017421
W1KG6249,W00EGS1017421
W1KG6254,W00EGS1017421
W1KG6255,W00KG09682
W1KG6256,W140
W1KG6257,W1KG6199
W1KG6328,W1KG4231
W1KG819,W1KG818
W1KG8314,W1KG13996
W1KG8320,W2DB4577
W1KG8478,W1KG15933
W1KG8479,W1KG15933
W1KG8527,W00EGS1017462
W1KG8529,W00EGS1017462
W1KG8531,W00EGS1017462
W1KG8532,W00EGS1017462
W1KG8533,W00EGS1017462
W1KG8535,W00EGS1017462
W1KG8555,W1KG5688
W1KG8574,W140
W1KG8583,W140
W1KG8584,W140
W1KG8585,W140
W1KG8586,W140
W1KG861,W1KG857
W1KG862,W1KG857
W1KG866,W1KG857
W1KG869,W1KG857
W1KG8718,W00KG09211
W1KG8721,W00KG09211
W1KG873,W1KG857
W1KG8827,W1KG4251
W1KG8828,W1KG4251
W1KG8937,W00EGS1017177
W1KG9028,W1KG9015
W1KG9029,W1KG9015
W1KG9030,W1KG9015
W1KG9031,W1KG9015
W1KG9032,W1KG9015
W1KG9033,W1KG9015
W1KG9034,W1KG9015
W1KG9035,W1KG9015
W1KG9036,W1KG9015
W1KG9037,W1KG9015
W1KG9038,W1KG9015
W1KG9040,W00EGS1017177
W1KG9041,W00EGS1017177
W1KG9042,W00EGS1017177
W1KG9090,W00KG09211
W1KG91169,W8LS36521
W1KG9407,W00KG09211
W1KG9408,W11818
W1KG9409,W11818
W1KG9453,W00EGS1016202
W1KG9560,W11818
W1KG9730,W1KG12089
W1KG9841,W00KG09211
W1KG9848,W00KG09211
W1PD104698,W1GS66286
W1PD104832,W1GS66286
W1PD105810,W1PD105807
W1PD105813,W1PD105807
W1PD105816,W1KG14512
W1PD105819,W1KG14512
W1PD105828,W1KG16562
W1PD105831,W1KG14518
W1PD105834,W1KG14512
W1PD105840,W1PD105807
W1PD105846,W1PD105807
W1PD105861,W1AC2
W1PD105884,W1AC377
W1PD105887,W1AC377
W1PD105890,W1AC377
W1PD105893,W1AC377
W1PD105896,W1AC377
W1PD105899,W1AC377
W1PD105914,W1KG23750
W1PD105920,W1KG15933
W1PD107155,W1PD107152
W1PD107937,W1AC17
W1PD108254,W1KG6199
W1PD137783,W1AC410
W1PD137784,W1AC410
W1PD137785,W1AC410
W1PD137786,W1AC410
W1PD137787,W1AC410
W1PD137788,W1AC410
W1PD137798,W140
W1PD137806,W1AC447
W1PD137807,W8LS68244
W1PD137808,W8LS68244
W1PD137809,W1AC447
W1PD137810,W1AC447
W1PD137811,W1KG11702
W1PD137822,W1KG17157
W1PD137832,W1KG23821
W1PD137835,W00KG013
W1PD137857,W1KG14512
W1PD137858,W1KG14512
W1PD137860,W1KG14512
W1PD137866,W1PD137871
W1PD137867,W1PD137871
W1PD137868,W1PD137871
W1PD137869,W1PD137871
W1PD137870,W1PD137871
W1PD137878,W1AC17
W1PD137879,W1AC17
W1PD137883,W140
W1PD137885,W1AC371
W1PD137886,W1AC371
W1PD137887,W1AC371
W1PD137888,W1AC371
W1PD152281,W1AC371
W1PD152295,W1PD137828
W1PD152299,W1PD137828
W1PD156009,W140
W1PD159108,W3PD188
W1PD159375,W8LS20263
W1PD159379,W140
W1PD159394,W1KG16711
W1PD159396,W1KG16711
W1PD159397,W1KG16711
W1PD159403,W1PD159407
W1PD159414,W1PD159407
W1PD159416,W1PD159407
W1PD159435,W1PD159438
W1PD159522,W1PD159521
W1PD159523,W1PD159521
W1PD159524,W1PD159521
W1PD159525,W1PD159521
W1PD159526,W1KG14512
W1PD159528,W1AC368
W1PD159531,W1PD159407
W1PD159532,W8LS18958
W1PD162101,W00KG09682
W1PD180877,W1AC2
W1PD181143,W1AC401
W1PD192037,W1PD192036
W1PD192038,W1PD192036
W1PD2,W00EGS1017462
W1PD3,W00EGS1017462
W1PD4,W00EGS1017462
W1PD45152,W10232
W1PD45495,W2DB4577
W1PD45496,W1GS66332
W1PD5,W00EGS1017462
W1PD53256,W1PD53259
W1PD53257,W1PD53259
W1PD53258,W1PD53259
W1PD53263,W1KG109095
W1PD53271,W1PD53268
W1PD6,W00EGS1017462
W1PD76620,W1KG1442
W1PD77570,W1GS66332
W1PD83972,W1AC2
W1PD83973,W1AC2
W1PD83974,W1AC2
W1PD83975,W1AC2
W1PD83976,W1KG14969
W1PD83977,W1KG14969
W1PD88978,W1PD88977
W1PD88980,W1PD88977
W1PD88981,W1PD88977
W1PD88982,W1PD88977
W1PD88984,W1PD88977
W1PD88985,W1PD88977
W1PD88986,W1PD88977
W1PD88987,W1PD88977
W1PD88988,W1PD88977
W1PD88989,W1PD88977
W1PD88990,W1PD88977
W1PD88991,W1PD88977
W1PD88992,W1PD88977
W1PD88993,W1PD88977
W1PD88994,W1PD88977
W1PD88995,W1PD88977
W1PD88996,W1PD88977
W1PD89022,W1PD89023
W1PD89051,W1PD153536
W1PD89084,W1PD153536
W1PD89994,W1PD89986
W1PD89996,W1PD89986
W1PD89998,W1PD89986
W1PD9,W00EGS1017462
W1PD90002,W1PD89986
W1PD90005,W1PD89986
W1PD90006,W1PD89986
W1PD90008,W1PD89986
W1PD90010,W1PD89986
W1PD90012,W1PD89986
W1PD90019,W1PD89986
W1PD90023,W1PD89986
W1PD90030,W1PD89986
W1PD90031,W1PD89986
W1PD90119,W1PD90118
W1PD90120,W1PD90118
W1PD90121,W1PD90118
W1PD90122,W1PD90118
W1PD90123,W1PD90118
W1PD90124,W1PD90118
W1PD90125,W1PD90118
W1PD90126,W1PD90118
W1PD90127,W1PD90118
W1PD90128,W1PD90118
W1PD90129,W2DB4577
W1PD91,W1PD89
W1PD95802,W1KG3849
W1PD95805,W1KG3849
W1PD95807,W1KG9015
W1PD95808,W1KG9015
W1PD95809,W1KG9015
W1PD95810,W1KG9015
W1PD95811,W1KG9015
W1PD95812,W1KG9015
W1PD95813,W1KG9015
W1PD95814,W1KG9015
W1PD95815,W1KG9015
W1PD97485,W1GS66332
W20028,W20019
W20044,W148
W20097,W1PD107152
W20111,W20109
W20112,W20109
W20113,W20109
W20114,W20109
W20123,W1KG14508
W20124,W1KG14508
W20127,W1KG14508
W20128,W1KG14508
W20129,W1KG14508
W20130,W1KG14508
W20131,W1KG14508
W20132,W00KG09682
W20134,W19992
W20138,W17635
W20146,W19856
W20158,W19992
W20166,W1KG1582
W20169,W19856
W20171,W19856
W20185,W19992
W20212,W19856
W20233,W19856
W20234,W19856
W20235,W19856
W20240,W19959
W20441,W00KG09682
W20444,W20443
W20446,W19277
W20448,W20443
W20456,W1PD107152
W20481,W10232
W20482,W10232
W20530,W00KG09211
W20531,W00KG09211
W20532,W22936
W20533,W11818
W20559,W00KG09682
W20563,W1KG6161
W20571,W17635
W20576,W13653
W2059,W140
W20849,W13653
W20856,W00EGS1017357
W20858,W20387
W20859,W20387
W20860,W20387
W20916,W10232
W20953,W00EGS1016202
W21023,W1KG9713
W21506,W11818
W21523,W00EGS1016202
W21527,W00EGS1016202
W21560,W00EGS1016202
W21562,W00EGS1016202
W21598,W1KG16786
W21599,W1KG16786
W21600,W1KG16786
W21601,W1KG16786
W21602,W1KG16786
W21605,W1KG11702
W21611,W00KG09682
W21619,W148
W21623,W17635
W21624,W00KG09682
W21661,W148
W21700,W1KG11702
W21708,W1KG11702
W21715,W20443
W21720,W20249
W21733,W21731
W21734,W21731
W21735,W21731
W21736,W21731
W21737,W21731
W21738,W21732
W21739,W21731
W21740,W21731
W21741,W21731
W21743,W20109
W21744,W20109
W21754,W20019
W21784,W00KG09682
W21857,W11225
W21893,W1AC410
W21895,W1AC410
W21896,W1AC410
W21933,W148
W21934,W148
W21943,W00KG09682
W21966,W21973
W21977,W20443
W21990,W21916
W21992,W00EGS1016202
W21993,W00EGS1016202
W21994,W20443
W22010,W19959
W22019,W00KG09682
W22021,W00KG09682
W22030,W22029
W22054,W00EGS1016612
W22075,W00EGS1016612
W22088,W20443
W22093,W23616
W22098,W00EGS1017357
W22106,W00KG09211
W22109,W11818
W22110,W11818
W22111,W11818
W22130,W00EGS1016202
W22148,W00KG09682
W22165,W1KG14493
W22172,W00KG09682
W22195,W10206
W22259,W00EGS1016202
W22277,W30125
W22299,W22029
W22300,W00KG09682
W22313,W10232
W22737,W00KG09211
W22914,W00KG09211
W23160,W11818
W23181,W00EGS1016202
W23186,W00EGS1016202
W23189,W00EGS1016202
W23205,W19604
W23209,W23208
W23210,W23208
W23211,W23208
W23212,W23208
W23213,W23208
W23219,W00EGS1016202
W23345,W00KG03654
W23347,W23208
W23348,W23208
W23349,W23208
W23350,W23208
W23351,W23208
W23352,W23208
W23368,W23208
W23369,W23208
W23371,W23208
W23372,W23208
W23374,W23208
W23380,W10206
W23425,W23424
W23426,W23424
W23427,W23424
W23438,W1KG4231
W23455,W1KG12152
W23565,W00EGS1016202
W23568,W10979
W23642,W23208
W23649,W23648
W23706,W23659
W23707,W23659
W23738,W00EGS1016202
W23739,W00EGS1016202
W23741,W00EGS1016202
W23762,W00EGS1016202
W23771,W00EGS1016202
W23773,W00EGS1016202
W23775,W00EGS1016202
W23800,W11818
W23802,W1KG12152
W23824,W21731
W23825,W21731
W23826,W21731
W23828,W00KG03654
W23830,W00KG09682
W23875,W00EGS1016202
W23909,W11818
W23917,W23916
W23920,W23916
W23934,W1KG12152
W23957,W11818
W24011,W23858
W24027,W10979
W24031,W1KG12152
W24053,W23373
W2429,W20443
W24309,W00EGS1016202
W24575,W00EGS1017421
W24630,W00EGS1017421
W24664,W00EGS1017421
W24672,W1GS60779
W24765,W11818
W24767,W23648
W24880,W00EGS1016612
W24881,W00EGS1016612
W24882,W00EGS1016612
W24883,W00EGS1016612
W24884,W00EGS1016612
W24885,W00EGS1016612
W24886,W00EGS1016612
W24887,W00EGS1016612
W24888,W00EGS1016612
W24889,W00EGS1016612
W25006,W1KG14493
W25007,W1KG6199
W25059,W1PD89
W25111,W00EGS1017421
W25114,W1KG14526
W25168,W24825
W25189,W1KG18038
W2519,W11818
W25271,W1KG12152
W25275,W147
W25991,W1KG12589
W26010,W147
W26042,W23373
W26179,W26176
W26180,W26176
W26674,W1KG23750
W27302,W00KG09682
W27305,W20443
W27308,W147
W27313,W00KG09682
W27493,W1GS60779
W27494,W1GS60779
W27495,W1GS60779
W27496,W1GS60779
W27497,W1GS60779
W27498,W1GS60779
W27499,W1GS60779
W27507,W10206
W27519,W10206
W27599,W23858
W27604,W10206
W27609,W1KG17609
W27871,W23373
W27905,W00KG09211
W2793,W10232
W27940,W10206
W28799,W140
W28803,W00EGS1017421
W28810,W28809
W28836,W1AC410
W28837,W00KG09682
W28838,W00KG09682
W28841,W1KG11702
W28852,W00EGS1017421
W28857,W1KG12589
W28860,W147
W28861,W147
W28867,W10232
W28869,W1KG6199
W28882,W20443
W28887,W1KG6199
W28894,W22281
W28898,W1KG6199
W28922,W1KG6199
W28928,W28927
W28936,W1KG6199
W28941,W1KG6199
W28956,W23858
W28957,W1KG6161
W28968,W10232
W28972,W28971
W28973,W28971
W28974,W28971
W28986,W140
W28990,W148
W28996,W148
W29018,W28983
W29022,W28983
W29032,W28983
W29042,W00EGS1016612
W29059,W00EGS1017362
W29092,W1GS60779
W29093,W1GS60779
W29105,W00EGS1017462
W29106,W00EGS1017462
W29145,W1KG18038
W29222,W00KG09673
W29227,W00KG09211
W29228,W00KG09211
W29236,W29235
W29237,W29235
W29238,W29235
W29239,W29235
W29240,W29235
W29247,W10206
W29249,W1KG4928
W29250,W00KG09211
W29260,W00KG09673
W29265,W00EGS1016612
W29284,W00EGS1017421
W29293,W00EGS1017421
W29296,W10232
W29380,W23648
W29382,W00EGS1017421
W29468,W00KG09211
W29478,W00EGS1017462
W29481,W00EGS1017462
W29483,W00EGS1017462
W29484,W00EGS1017462
W29485,W00EGS1017462
W29516,W00KG09682
W29523,W1KG14493
W29562,W10232
W29564,W1KG6161
W29567,W00EGS1016202
W29568,W00EGS1016202
W29569,W00EGS1016202
W29570,W00EGS1016202
W29571,W00EGS1016202
W29572,W00EGS1016202
W29573,W00EGS1016202
W29575,W00EGS1016202
W29576,W00EGS1016202
W29577,W00EGS1016202
W29617,W00EGS1016202
W29627,W00EGS1017462
W29630,W00KG09211
W29634,W00KG09673
W29635,W00KG09673
W29648,W28829
W29651,W1KG18038
W29703,W00EGS1016202
W29704,W00EGS1016202
W29894,W26176
W29895,W26176
W29896,W26176
W29897,W26176
W29898,W26176
W29899,W26176
W29900,W26176
W29901,W26176
W29902,W26176
W29903,W26176
W29912,W00EGS1016202
W29975,W26176
W29976,W26176
W29978,W26176
W29979,W26176
W29980,W26176
W29981,W26176
W29982,W00EGS1017462
W29983,W00EGS1017462
W2CZ8015,W1KG1350
W2CZ8025,W00EGS1017123
W2CZ8034,W00KG0616
W2CZ8047,W00KG09759
W2CZ8048,W28840
W2DB13635,W00EGS1017462
W2DB13636,W00EGS1017462
W2DB13637,W00EGS1017462
W2DB13638,W00EGS1017462
W2DB13639,W00EGS1017462
W2DB13640,W00EGS1017462
W2DB13641,W00EGS1017462
W2DB13642,W00EGS1017462
W2DB13643,W00EGS1017462
W2DB13644,W00EGS1017462
W2DB16421,W1KG1442
W2DB16422,W1KG1442
W2DB16428,W2DB4577
W2DB16429,W2DB4577
W2DB16430,W2DB4577
W2DB25060,W2DB4577
W2DB25419,W1KG22420
W2DB25420,W1KG22420
W2DB25421,W1KG22420
W2DB25434,W2DB25433
W2DB25435,W2DB25433
W2DB25436,W2DB25433
W2DB25437,W2DB25433
W2DB25438,W2DB25433
W2DB25439,W2DB25433
W2DB25440,W2DB25433
W2DB25441,W2DB25433
W2DB25442,W2DB25433
W2DB25451,W2DB25433
W2DB25452,W8LS66382
W2DB4566,W2DB4577
W2DB4567,W2DB4577
W2DB4568,W2DB4577
W2DB4569,W2DB4577
W2DB4570,W2DB4577
W2DB4571,W2DB4577
W2DB4573,W2DB4577
W2DB4576,W2DB4577
W2DB4578,W1KG6161
W2DB4582,W1GS66286
W2DB4592,W1KG16210
W2DB4594,W1KG23821
W2DB4601,W17635
W2DB4604,W2DB4603
W2DB4605,W2DB4603
W2DB4606,W2DB4603
W2DB4607,W2DB4603
W2DB4608,W2DB4603
W2DB4609,W2DB4603
W2DB4612,W1KG9015
W2DB4614,W1KG9015
W2DB4615,W1KG9015
W2DB4616,W1KG9015
W2DB4617,W1KG9015
W2DB4618,W1KG9015
W2DB4619,W1KG9015
W2DB4620,W1KG9015
W2DB4621,W00EGS1017462
W2DB4622,W00EGS1017462
W2DB4623,W00EGS1017462
W2DB4624,W00EGS1017462
W2DB4625,W00EGS1017462
W2DB4626,W00EGS1017462
W2DB4627,W00EGS1017462
W2DB4628,W00EGS1017462
W2DB4629,W00EGS1017462
W2DB4630,W00EGS1017462
W2DB57569,W00KG0547
W2KG1677,W2KG5036
W2KG207577,W2KG207576
W2KG208033,W2KG208032
W2KG208435,W1KG23750
W2KG209029,W1AC4
W2KG209030,W1AC4
W2KG209032,W1AC4
W2KG209033,W1AC4
W2KG209034,W1AC4
W2KG209038,W1AC377
W2KG209075,W2KG209124
W2KG209077,W2KG208030
W2KG209079,W2KG209078
W2KG209080,W2KG209078
W2KG209081,W2KG209078
W2KG209082,W2KG209078
W2KG209116,W2KG209124
W2KG209117,W4CZ346642
W2KG209782,W2KG209784
W2KG209783,W2KG209784
W2KG210015,W2KG210020
W2KG210016,W2KG210021
W2KG210018,W2KG210020
W2KG210019,W2KG210020
W2KG210022,W4CZ355751
W2KG5028,W3CN15699
W2KG5029,W3CN15699
W2KG5034,W8LS24037
W2PD16797,W1PD90118
W2PD16798,W1PD90118
W2PD17395,W2PD17396
W2PD17397,W2PD17394
W2PD17398,W2PD17394
W2PD17399,W2PD17394
W2PD17400,W1KG15003
W2PD17435,W2PD17434
W2PD17436,W2PD17434
W2PD17437,W2PD17434
W2PD17438,W2PD17434
W2PD17439,W2PD17434
W2PD17441,W2PD17434
W2PD17442,W2PD17434
W2PD17443,W2PD17445
W2PD17444,W2PD17445
W2PD17454,W1KG3381
W2PD17604,W2PD17603
W2PD17605,W2PD17603
W2PD17606,W2PD17603
W2PD17614,W1AC368
W2PD17634,W1KG16562
W2PD17641,W2PD17640
W2PD18390,W1KG6199
W2PD19086,W2PD19112
W2PD19089,W2PD19112
W2PD19091,W2PD19112
W2PD19092,W2PD19112
W2PD19095,W2PD19112
W2PD19096,W2PD19112
W2PD19097,W2PD19112
W2PD19098,W2PD19112
W2PD19099,W2PD19112
W2PD19100,W2PD19112
W2PD19101,W2PD19112
W2PD19102,W2PD19112
W2PD19103,W2PD19112
W2PD19104,W2PD19112
W2PD19105,W2PD19112
W2PD19106,W2PD19112
W2PD19107,W2PD19112
W2PD19108,W2PD19112
W2PD19109,W2PD19112
W2PD19110,W2PD19112
W2PD19111,W2PD19112
W2PD19203,W1PD152300
W2PD19374,W00EGS1017177
W2PD19459,W2PD19458
W2PD19460,W2PD19458
W2PD19801,W1AC17
W2PD20318,W2PD20317
W30012,W28983
W30013,W28983
W30014,W28983
W30015,W28983
W30016,W28983
W30017,W28983
W30018,W28983
W30019,W28983
W30020,W28983
W30021,W28983
W30022,W28983
W30023,W28983
W30033,W28829
W30034,W28829
W30035,W28829
W30036,W28829
W30037,W1KG6161
W30038,W1KG18038
W30039,W1KG18038
W30040,W1KG18038
W30061,W1KG18038
W30068,W2DB25429
W30083,W147
W30084,W148
W30086,W148
W30102,W00KG09211
W30103,W11818
W30112,W00EGS1016202
W30120,W00EGS1016202
W30123,W00EGS1016202
W30124,W00EGS1016202
W30131,W00KG09211
W30134,W00EGS1016202
W30136,W00EGS1016202
W30137,W00EGS1016202
W30138,W00EGS1016202
W30139,W00EGS1016202
W30140,W00EGS1016202
W30142,W00EGS1016202
W30143,W00EGS1016202
W30144,W00EGS1016202
W30146,W11225
W30147,W11818
W30148,W11225
W30151,W00KG09211
W30154,W11818
W30155,W00KG09211
W30156,W11818
W30171,W11818
W30172,W1KG550
W30177,W1KG550
W30178,W1KG550
W30179,W1KG550
W30180,W1KG550
W30181,W1022
W30182,W00KG09211
W30187,W00EGS1016202
W30264,W11225
W30268,W00KG09211
W30278,W00KG09682
W30279,W00KG09682
W30280,W00KG09682
W30285,W00KG09211
W30287,W11818
W30304,W2DB25429
W30305,W2DB25429
W30306,W147
W30307,W147
W3033,W00EGS1017462
W30338,W00EGS1016202
W30387,W00EGS1017462
W30435,W00EGS1017462
W30436,W00EGS1017462
W30438,W00EGS1017462
W30442,W00KG09682
W30446,W00KG09682
W30450,W00KG09211
W30451,W00KG09211
W30452,W00KG09211
W30478,W1KG16786
W30479,W1KG16786
W30480,W1KG16786
W30481,W1KG16786
W30482,W1KG16786
W30483,W1KG16786
W30484,W00KG0616
W30490,W1KG16562
W30514,W147
W30516,W17635
W30527,W00KG013
W30539,W00KG09211
W30540,W11225
W321,W140
W322,W140
W3621,W10232
W3CN10210,W1KG13817
W3CN10545,W1KG13817
W3CN10628,W1KG13817
W3CN10650,W3CN10646
W3CN10653,W3CN10646
W3CN10659,W3CN10656
W3CN10665,W3CN10662
W3CN10768,W1KG14001
W3CN10771,W1KG13995
W3CN12075,W3CN12069
W3CN12210,W1KG4334
W3CN12978,W1KG13996
W3CN15693,W00EGS1016612
W3CN15728,W1KG16212
W3CN15972,W1AB6
W3CN15973,W1KG16206
W3CN15974,W1KG22205
W3CN15975,W1KG16206
W3CN15976,W1KG22205
W3CN15977,W1KG22205
W3CN16173,W21746
W3CN17345,W1KG22205
W3CN17383,W1KG22211
W3CN17666,W2KG207576
W3CN17673,W1KG22420
W3CN17676,W1KG22420
W3CN17679,W1KG22420
W3CN17685,W1KG22420
W3CN17691,W1KG22420
W3CN17697,W1KG22420
W3CN2101,W3CN2098
W3CN2104,W3CN2098
W3CN2107,W3CN2098
W3CN2110,W3CN2098
W3CN2113,W3CN2098
W3CN2116,W3CN2098
W3CN2119,W3CN2098
W3CN2124,W3CN2098
W3CN2131,W3CN2098
W3CN21504,W3CN21503
W3CN21505,W3CN21503
W3CN21509,W3CN21508
W3CN21510,W3CN21508
W3CN21511,W3CN21508
W3CN21513,W3CN21508
W3CN21514,W3CN21508
W3CN21515,W3CN21508
W3CN21516,W3CN21508
W3CN21517,W3CN21508
W3CN21523,W00KG09682
W3CN21529,W00KG09682
W3CN21530,W00KG09682
W3CN21531,W00KG09682
W3CN21532,W00KG09682
W3CN21533,W00KG09682
W3CN21542,W00KG09682
W3CN21543,W00KG09682
W3CN21544,W00KG09682
W3CN21554,W3CN21553
W3CN21555,W3CN21553
W3CN21556,W3CN21553
W3CN21557,W3CN21553
W3CN21558,W3CN21553
W3CN21559,W3CN21553
W3CN21560,W3CN21553
W3CN21561,W3CN21553
W3CN21563,W3CN4068
W3CN21564,W3CN4068
W3CN21565,W3CN4068
W3CN21566,W3CN4068
W3CN2157,W3CN2098
W3CN21585,W00KG09682
W3CN2160,W3CN2098
W3CN21621,W3CN21508
W3CN2163,W3CN2098
W3CN2166,W3CN2098
W3CN2169,W3CN2098
W3CN21692,W3CN21691
W3CN21694,W3CN21691
W3CN21695,W3CN21691
W3CN21708,W3CN21707
W3CN21709,W3CN21707
W3CN21710,W3CN21707
W3CN2172,W3CN2098
W3CN2175,W3CN2098
W3CN2178,W3CN2098
W3CN21838,W3CN21691
W3CN21850,W3CN7985
W3CN21851,W3CN7985
W3CN22339,W1AC17
W3CN22731,W140
W3CN22732,W140
W3CN22733,W140
W3CN22734,W140
W3CN22735,W140
W3CN22736,W140
W3CN22737,W140
W3CN22738,W140
W3CN22739,W140
W3CN22740,W140
W3CN22743,W140
W3CN22744,W140
W3CN22745,W140
W3CN22746,W140
W3CN22747,W140
W3CN22749,W140
W3CN22750,W140
W3CN22786,W140
W3CN22788,W140
W3CN22789,W140
W3CN22790,W140
W3CN22792,W140
W3CN22793,W140
W3CN22794,W140
W3CN22828,W140
W3CN22898,W140
W3CN22899,W140
W3CN22900,W140
W3CN22901,W140
W3CN3401,W1PD181144
W3CN3402,W1PD181144
W3CN3403,W1PD181144
W3CN3404,W1PD181144
W3CN3405,W1PD181144
W3CN3406,W1PD181144
W3CN3411,W1KG6161
W3CN3416,W1PD181144
W3CN3417,W1PD181144
W3CN3418,W1PD181144
W3CN3419,W140
W3CN3425,W2PD17428
W3CN3432,W1AC17
W3CN4069,W3CN4068
W3CN4071,W3CN4068
W3CN4915,W1CZ2408
W3CN5030,W2PD19638
W3CN5075,W3CN5069
W3CN5078,W3CN5069
W3CN5081,W3CN5069
W3CN5096,W3CN5069
W3CN5195,W3CN5192
W3CN5285,W3CN7907
W3CN5303,W1KG14491
W3CN5327,W3CN5472
W3CN542,W3CN5135
W3CN5426,W2PD19892
W3CN544,W00EGS1016927
W3CN5481,W3CN5384
W3CN550,W3CN548
W3CN551,W3CN548
W3CN552,W3CN548
W3CN553,W3CN548
W3CN554,W3CN548
W3CN555,W3CN548
W3CN5552,W1AC2
W3CN5555,W2KG209036
W3CN5558,W3CN5543
W3CN556,W3CN548
W3CN5561,W2KG209036
W3CN5568,W3CN5543
W3CN557,W3CN548
W3CN5571,W3CN5543
W3CN5574,W3CN5543
W3CN5577,W3CN5543
W3CN558,W3CN548
W3CN5580,W1AC4
W3CN5583,W1AC4
W3CN559,W3CN548
W3CN5593,W140
W3CN5597,W140
W3CN560,W3CN548
W3CN5615,W3CN5612
W3CN5651,W3CN5642
W3CN5654,W3CN5642
W3CN5801,W1AC401
W3CN5922,W3CN5910
W3CN6024,W1AC227
W3CN6332,W3CN5543
W3CN6335,W3CN5543
W3CN6415,W3CN4879
W3CN6418,W3CN4879
W3CN6427,W3CN4879
W3CN6430,W3CN4879
W3CN6439,W140
W3CN6454,W140
W3CN6495,W1AC377
W3CN6661,W3CN5543
W3CN6664,W1KG23750
W3CN6670,W1AC377
W3CN6673,W1KG23750
W3CN6682,W3CN4879
W3CN6712,W3CN6709
W3CN6715,W3CN6709
W3CN6718,W3CN6709
W3CN6721,W3CN6709
W3CN6724,W3CN6709
W3CN6736,W3CN6733
W3CN6739,W3CN6733
W3CN6834,W1KG23750
W3CN6885,W1AC4
W3CN6906,W2KG209078
W3CN6922,W2KG209078
W3CN6925,W00KG09682
W3CN6964,W3CN6612
W3CN6967,W3CN6612
W3CN7007,W3CN5543
W3CN7013,W3CN5543
W3CN7016,W3CN5543
W3CN7020,W3CN5543
W3CN7024,W3CN5543
W3CN7036,W3CN6952
W3CN7039,W3CN6952
W3CN7042,W3CN6952
W3CN7081,W3CN4068
W3CN7677,W3CN5648
W3CN7697,W2KG208030
W3CN7719,W1PD181144
W3CN7744,W3CN7741
W3CN7747,W2KG209078
W3CN7901,W3CN7898
W3CN7910,W1KG15933
W3CN8036,W3CN8396
W3CN8040,W3CN8396
W3CN8043,W3CN8396
W3CN8049,W3CN8046
W3CN8057,W3CN8396
W3CN8070,W3CN21518
W3CN8087,W3CN8084
W3CN8147,W3CN8090
W3CN8173,W1PD137846
W3CN8182,W1PD152300
W3CN8188,W00KG013
W3CN8194,W1GS60779
W3CN8308,W1PD152300
W3CN8311,W1KG25879
W3CN8320,W1GS60779
W3CN8324,W1GS60779
W3CN8363,W1GS60779
W3CN8366,W1GS60779
W3CN8372,W1GS60779
W3CN8375,W1GS60779
W3CN8381,W2KG209078
W3CN8387,W2KG209078
W3CN9311,W1KG13817
W3CN9314,W1KG12514
W3CN9677,W3CN9674
W3CN9680,W3CN9674
W3CN9999,W1KG16210
W3PD182,W3PD188
W3PD183,W1KG21014
W3PD185,W3PD188
W3PD186,W3PD188
W3PD191,W1KG15003
W3PD192,W1KG15003
W3PD193,W1KG15003
W3PD194,W1KG15003
W3PD195,W1KG15003
W3PD196,W1KG15003
W3PD197,W1KG15003
W3PD198,W1KG15003
W3PD199,W1KG15003
W3PD202,W1KG15003
W3PD223,W1PD152300
W3PD224,W1PD152300
W3PD232,W3PD231
W3PD233,W3PD231
W3PD234,W3PD231
W3PD235,W3PD231
W3PD238,W3PD237
W3PD239,W3PD237
W3PD240,W3PD237
W3PD241,W3PD237
W3PD389,W3PD388
W3PD393,W1AC410
W3PD394,W1AC410
W3PD395,W1AC410
W3PD396,W1AC410
W3PD397,W1AC410
W3PD403,W3PD402
W3PD404,W3PD402
W3PD405,W3PD402
W3PD406,W3PD402
W3PD407,W3PD402
W3PD408,W3PD402
W3PD409,W3PD402
W3PD415,W3PD414
W3PD416,W3PD414
W3PD417,W3PD414
W3PD418,W3PD414
W447,W11818
W4CZ1100,W00EGS1016202
W4CZ1106,W00EGS1016202
W4CZ1721,W11818
W4CZ2193,W1KG12514
W4CZ24515,W1KG17609
W4CZ2732,W11818
W4CZ294143,W1KG13995
W4CZ294146,W1KG13996
W4CZ294727,W1KG12514
W4CZ294730,W1KG1350
W4CZ294909,W1KG13996
W4CZ295082,W1KG26106
W4CZ295940,W1KG13022
W4CZ296775,W1KG13998
W4CZ296777,W1KG14132
W4CZ296784,W00EGS1016612
W4CZ296786,W1KG14132
W4CZ296789,W1KG13996
W4CZ299877,W1KG22205
W4CZ299878,W1KG22205
W4CZ299881,W1KG22205
W4CZ299882,W1KG22205
W4CZ299887,W1KG14132
W4CZ299959,W1CZ2280
W4CZ299960,W1CZ2280
W4CZ301924,W4CZ301923
W4CZ307779,W4CZ307778
W4CZ307780,W4CZ307778
W4CZ307782,W4CZ307781
W4CZ307970,W1KG22205
W4CZ307971,W1KG22205
W4CZ307972,W1KG22205
W4CZ307973,W1KG22205
W4CZ307974,W1KG22205
W4CZ307976,W4CZ307975
W4CZ307977,W4CZ307975
W4CZ307979,W1KG5866
W4CZ307980,W1KG22205
W4CZ307981,W1KG22205
W4CZ307982,W1KG22211
W4CZ307985,W1KG5866
W4CZ307986,W1KG22205
W4CZ307987,W1KG22205
W4CZ307988,W1KG22205
W4CZ307989,W1KG14508
W4CZ309044,W19992
W4CZ315263,W00EGS1016612
W4CZ315264,W00EGS1016612
W4CZ315265,W00EGS1016612
W4CZ315266,W00EGS1016612
W4CZ315282,W4CZ315270
W4CZ321160,W1KG5154
W4CZ321200,W1CZ2415
W4CZ328520,W4CZ328521
W4CZ328528,W1KG6196
W4CZ328542,W4CZ328541
W4CZ33247,W4CZ33249
W4CZ332946,W00KG03606
W4CZ333408,W26963
W4CZ333421,W1KG21087
W4CZ333423,W1KG14456
W4CZ34105,W1KG9015
W4CZ34262,W4CZ34261
W4CZ34263,W4CZ34261
W4CZ34264,W4CZ34261
W4CZ34266,W4CZ34261
W4CZ346621,W1KG6196
W4CZ346627,W1KG13996
W4CZ346629,W00KG09211
W4CZ346643,W4CZ346642
W4CZ346742,W00KG09211
W4CZ354425,W1KG13996
W4CZ354975,W4CZ354447
W4CZ354984,W1KG13995
W4CZ354988,W1KG13815
W4CZ354989,W1KG13815
W4CZ354993,W1KG13815
W4CZ354994,W1KG13815
W4CZ355729,W4CZ355738
W4CZ57130,W00KG09682
W4CZ57602,W1AC17
W4CZ57614,W00KG09682
W5062,W11225
W5211,W19992
W525,W140
W6004,W00KG09211
W686,W1KG12514
W7371,W11818
W7494,W00KG09211
W8147,W140
W8224,W10232
W8284,W140
W8483,W00EGS1017462
W8499,W00EGS1016202
W8610,W10232
W871,W140
W8869,W10206
W8LS17281,W00EGS1017069
W8LS17667,W1GS58453
W8LS17984,W1KG16206
W8LS17995,W1KG13996
W8LS18012,W8LS35892
W8LS18237,W00KG09673
W8LS18448,W1KG3514
W8LS18484,W8LS68244
W8LS18532,W1GS58453
W8LS18535,W1GS58453
W8LS18610,W1KG6288
W8LS18622,W1AC410
W8LS18961,W1KG9015
W8LS18964,W1KG9015
W8LS18967,W1KG9015
W8LS18970,W1KG9015
W8LS18973,W1KG9015
W8LS18976,W1KG9015
W8LS18979,W1KG9015
W8LS18982,W1KG9015
W8LS18985,W1KG9015
W8LS18988,W1KG9015
W8LS18991,W1KG9015
W8LS18994,W1KG9015
W8LS18997,W1KG9015
W8LS19000,W1KG9015
W8LS19015,W8LS19012
W8LS19201,W1GS58453
W8LS19228,W00EGS1017462
W8LS19237,W00EGS1017462
W8LS20344,W4PD3592
W8LS20519,W8LS20525
W8LS20534,W8LS20531
W8LS20537,W8LS20531
W8LS20540,W8LS20531
W8LS20543,W8LS20531
W8LS20549,W8LS20531
W8LS20604,W8LS20600
W8LS20617,W1PD152300
W8LS20643,W1KG25837
W8LS20646,W1KG25837
W8LS20655,W1GS60779
W8LS20658,W1GS60779
W8LS20733,W1KG13769
W8LS20747,W1KG3381
W8LS20748,W1KG14001
W8LS20751,W1KG14132
W8LS20752,W1KG13998
W8LS20753,W1KG22205
W8LS20767,W8LS20766
W8LS20768,W8LS20766
W8LS20836,W8LS20766
W8LS20839,W8LS20766
W8LS20842,W8LS20766
W8LS20845,W8LS20766
W8LS22413,W00KG09759
W8LS22416,W00KG09759
W8LS22905,W00EGS1016612
W8LS22914,W1KG13817
W8LS22926,W1KG16213
W8LS22929,W1KG16213
W8LS22932,W1KG16213
W8LS22935,W1KG13817
W8LS22938,W1KG16213
W8LS22941,W1KG13817
W8LS22944,W1KG16213
W8LS22947,W1KG16213
W8LS22950,W1KG16213
W8LS22953,W1KG16213
W8LS22956,W1KG16213
W8LS22959,W1KG16213
W8LS23403,W1KG16213
W8LS23406,W1KG16213
W8LS23418,W1KG13817
W8LS23445,W8LS23442
W8LS23448,W8LS23442
W8LS23454,W8LS23451
W8LS23457,W8LS23451
W8LS23990,W1KG13817
W8LS23993,W1KG13817
W8LS24065,W8LS24062
W8LS24068,W8LS24062
W8LS24071,W8LS24062
W8LS24074,W8LS24062
W8LS24644,W8LS20766
W8LS24647,W8LS20766
W8LS24650,W8LS20766
W8LS24653,W8LS20766
W8LS24656,W8LS20766
W8LS24728,W8LS20766
W8LS24731,W8LS20766
W8LS24734,W8LS20766
W8LS24749,W8LS24062
W8LS25009,W8LS24062
W8LS25054,W1KG22205
W8LS26594,W1KG13996
W8LS26597,W1KG13998
W8LS26600,W1KG13996
W8LS26603,W1KG13998
W8LS26612,W1KG13992
W8LS26631,W8LS26619
W8LS27142,W8LS27139
W8LS27145,W8LS27139
W8LS27148,W8LS27139
W8LS34401,W1KG13996
W8LS34404,W1KG14132
W8LS34407,W1KG14132
W8LS34504,W1KG14001
W8LS34507,W1KG14132
W8LS34510,W4CZ294908
W8LS34513,W00KG09211
W8LS34517,W1KG22205
W8LS34520,W8LS24037
W8LS35880,W1KG16206
W8LS35883,W1KG22205
W8LS35887,W8LS24037
W8LS35895,W8LS35892
W8LS35898,W8LS35892
W8LS35901,W8LS24037
W8LS35904,W8LS24037
W8LS35907,W8LS24037
W8LS35914,W8LS35910
W8LS36294,W8LS35951
W8LS36298,W8LS35951
W8LS36302,W8LS35951
W8LS36309,W00KG09211
W8LS36503,W1KG13995
W8LS36510,W8LS36521
W8LS41707,W8LS41706
W8LS41708,W8LS41706
W8LS41751,W4CZ328541
W8LS42135,W4CZ328541
W8LS42179,W8LS24062
W8LS43790,W1KG23750
W8LS43823,W1KG23750
W8LS66230,W4CZ328541
W8LS66264,W1KG14662
W8LS66293,W1KG13996
W8LS66296,W1KG13996
W8LS66379,W8LS66382
W8LS66405,W4CZ294908
W8LS66487,W8LS66486
W8LS66512,W1KG13992
W8LS66518,W1KG13992
W8LS66519,W1KG14001
W8LS66621,W1KG9713
W8LS66650,W1KG13996
W8LS66707,W1KG13996
W8LS66716,W00KG09211
W8LS66718,W00KG09211
W8LS66737,W8LS20272
W8LS66756,W1PD159371
W8LS66759,W2KG209047
W8LS66788,W3CN5586
W8LS66789,W3CN5586
W8LS66790,W3CN5586
W8LS66791,W3CN5586
W8LS66792,W3CN5586
W8LS66801,W1KG14508
W8LS66805,W1KG14508
W8LS66806,W1KG23750
W8LS66808,W8LS66738
W8LS66816,W8LS66815
W8LS66817,W1AC227
W8LS66818,W1AC227
W8LS66819,W1AC227
W8LS66820,W1AC227
W8LS66821,W1AC227
W8LS66823,W1AC227
W8LS66833,W2KG209036
W8LS66858,W8LS68304
W8LS67153,W4CZ328558
W8LS67166,W8LS67163
W8LS67169,W8LS67163
W8LS67172,W8LS67163
W8LS67173,W8LS67163
W8LS67174,W8LS67163
W8LS67175,W8LS67163
W8LS67176,W8LS67163
W8LS67177,W8LS67163
W8LS67190,W8LS67163
W8LS67501,W4CZ294908
W8LS67565,W1KG14132
W8LS67568,W1KG14132
W8LS67674,W00EGS1016612
W8LS67678,W1KG14001
W8LS67692,W8LS67701
W8LS67695,W8LS67701
W8LS67698,W8LS67701
W8LS67707,W8LS67704
W8LS67710,W8LS67704
W8LS67713,W8LS67704
W8LS67716,W8LS67704
W8LS67743,W8LS19012
W8LS67752,W1KG25837
W8LS68018,W1KG13817
W8LS68063,W1GS58453
W8LS68064,W1GS58453
W8LS68065,W1GS58453
W8LS68066,W1GS58453
W8LS68067,W1GS58453
W8LS68068,W1GS58453
W8LS68081,W1GS58453
W8LS68084,W1GS58453
W8LS68138,W1GS58453
W8LS68139,W1GS58453
W8LS68144,W1GS58453
W8LS68147,W1GS58453
W8LS68150,W1GS58453
W8LS68153,W1GS58453
W8LS68156,W1GS58453
W8LS68172,W1GS58453
W8LS68177,W1KG14556
W8LS68180,W1GS58453
W8LS68189,W1GS58453
W8LS68192,W1GS58453
W8LS68199,W1KG24971
W8LS68202,W1KG24971
W8LS68265,W1GS58453
W8LS68268,W1GS58453
W8LS68271,W1GS58453
W8LS68274,W1GS58453
W8LS68277,W1GS58453
W8LS68280,W1GS58453
W8LS68283,W1GS58453
W8LS68301,W8LS68304
W8LS68307,W28971
W8LS68325,W1GS58453
W8LS68331,W1GS58453
W8LS68334,W1GS58453
W8LS68403,W1GS58453
W8LS68406,W1GS58453
W8LS68409,W1GS58453
W8LS68412,W1GS58453
W8LS68415,W1GS58453
W8LS68430,W1GS58453
W918,W140
W929,W10232
W933,W00KG09682
W9366,W00EGS1016202
W9674,W10206
W9752,W11818
W986,W11818
W9935,W00EGS1017177
W1797,W19802
W1800,W19802
W1795,W19802
W1799,W19802
W1798,W19802
W1796,W19802
W8LS18553,W1GS58453
W8LS18556,W1GS58453
W8LS18565,W1GS58453
W8LS18541,W1GS58453
W8LS18550,W1GS58453
W24781,W17635
W24775,W17635
W24779,W17635
W20139,W17635
W24786,W17635
W24787,W17635
W24785,W17635
W24783,W17635
W24788,W17635
W24780,W17635
W24776,W17635
W24773,W17635
W24784,W17635
W24789,W17635
W20570,W17635
W24777,W17635
W24774,W17635
W24782,W17635
W24778,W17635
W1073,W1022
W1050,W1022
W1029,W1022
W988,W1022
W1130,W1022
W1121,W1022
W1112,W1022
W1109,W1022
W1100,W1022
W1025,W1022
W1137,W1022
W1070,W1022
W1062,W1022
W1044,W1022
W1041,W1022
W1011,W1022
W1136,W1022
W1081,W1022
W1075,W1022
W1033,W1022
W1093,W1022
W1090,W1022
W1072,W1022
W1063,W1022
W1067,W1022
W1106,W1022
W1057,W1022
W1046,W1022
W1016,W1022
W1012,W1022
W999,W1022
W1000,W1022
W1069,W1022
W1039,W1022
W998,W1022
W995,W1022
W1007,W1022
W1076,W1022
W1052,W1022
W1101,W1022
W984,W1022
W985,W1022
W1104,W1022
W1058,W1022
W1020,W1022
W1127,W1022
W1074,W1022
W1061,W1022
W1032,W1022
W1026,W1022
W1019,W1022
W993,W1022
W1099,W1022
W1128,W1022
W1060,W1022
W1021,W1022
W981,W1022
W1145,W1022
W980,W1022
W996,W1022
W1002,W1022
W1120,W1022
W1108,W1022
W1051,W1022
W1056,W1022
W1045,W1022
W1015,W1022
W1010,W1022
W1078,W1022
W1102,W1022
W1035,W1022
W1028,W1022
W1006,W1022
W1048,W1022
W1036,W1022
W1143,W1022
W1098,W1022
W1091,W1022
W1124,W1022
W1071,W1022
W1110,W1022
W1023,W1022
W991,W1022
W1009,W1022
W1126,W1022
W1105,W1022
W1049,W1022
W1097,W1022
W1017,W1022
W1008,W1022
W997,W1022
W1118,W1022
W979,W1022
W1038,W1022
W994,W1022
W1092,W1022
W1129,W1022
W982,W1022
W1119,W1022
W1004,W1022
W1115,W1022
W1103,W1022
W1055,W1022
W1082,W1022
W1064,W1022
W1042,W1022
W1086,W1022
W1087,W1022
W1111,W1022
W1014,W1022
W1080,W1022
W1077,W1022
W1107,W1022
W1037,W1022
W1034,W1022
W1030,W1022
W983,W1022
W1096,W1022
W1134,W1022
W1123,W1022
W987,W1022
W1138,W1022
W1001,W1022
W1084,W1022
W1005,W1022
W1047,W1022
W1083,W1022
W1031,W1022
W1122,W1022
W1053,W1022
W1095,W1022
W1132,W1022
W1024,W1022
W1059,W1022
W1089,W1022
W1088,W1022
W1117,W1022
W1027,W1022
W1131,W1022
W1043,W1022
W1018,W1022
W1135,W1022
W1040,W1022
W1079,W1022
W990,W1022
W1003,W1022
W1054,W1022
W992,W1022
W1094,W1022
W1116,W1022
W1085,W1022
W1139,W1022
W1125,W1022
W989,W1022
W1133,W1022
W1013,W1022
W29490,W29492
W16795,W00EGS1016202
W16801,W00EGS1016202
W22735,W00EGS1016202
W00EGS1016285,W00EGS1016202
W16850,W00EGS1016202
W16862,W00EGS1016202
W16806,W00EGS1016202
W16930,W00EGS1016202
W16800,W00EGS1016202
W16891,W00EGS1016202
W16886,W00EGS1016202
W16844,W00EGS1016202
W16833,W00EGS1016202
W16828,W00EGS1016202
W16847,W00EGS1016202
W16931,W00EGS1016202
W16852,W00EGS1016202
W16845,W00EGS1016202
W16798,W00EGS1016202
W16834,W00EGS1016202
W16825,W00EGS1016202
W16856,W00EGS1016202
W16808,W00EGS1016202
W16899,W00EGS1016202
W16804,W00EGS1016202
W16923,W00EGS1016202
W16901,W00EGS1016202
W16792,W00EGS1016202
W16819,W00EGS1016202
W16810,W00EGS1016202
W12155,W00EGS1016202
W16838,W00EGS1016202
W16909,W00EGS1016202
W16805,W00EGS1016202
W16867,W00EGS1016202
W16835,W00EGS1016202
W16820,W00EGS1016202
W16908,W00EGS1016202
W16811,W00EGS1016202
W16840,W00EGS1016202
W16911,W00EGS1016202
W16857,W00EGS1016202
W16896,W00EGS1016202
W16885,W00EGS1016202
W16851,W00EGS1016202
W16846,W00EGS1016202
W16841,W00EGS1016202
W16831,W00EGS1016202
W16877,W00EGS1016202
W16874,W00EGS1016202
W16803,W00EGS1016202
W16802,W00EGS1016202
W16915,W00EGS1016202
W16895,W00EGS1016202
W16894,W00EGS1016202
W22733,W00EGS1016202
W16799,W00EGS1016202
W16813,W00EGS1016202
W16879,W00EGS1016202
W16843,W00EGS1016202
W16921,W00EGS1016202
W30125,W00EGS1016202
W16864,W00EGS1016202
W16900,W00EGS1016202
W16858,W00EGS1016202
W20954,W00EGS1016202
W16919,W00EGS1016202
W16876,W00EGS1016202
W16865,W00EGS1016202
W16932,W00EGS1016202
W16863,W00EGS1016202
W16814,W00EGS1016202
W16853,W00EGS1016202
W16829,W00EGS1016202
W16907,W00EGS1016202
W16903,W00EGS1016202
W16817,W00EGS1016202
W16812,W00EGS1016202
W16933,W00EGS1016202
W16898,W00EGS1016202
W16917,W00EGS1016202
W16861,W00EGS1016202
W16794,W00EGS1016202
W16832,W00EGS1016202
W16830,W00EGS1016202
W16868,W00EGS1016202
W16807,W00EGS1016202
W16920,W00EGS1016202
W16873,W00EGS1016202
W16848,W00EGS1016202
W16839,W00EGS1016202
W16444,W00EGS1016202
W16870,W00EGS1016202
W16796,W00EGS1016202
W16793,W00EGS1016202
W16827,W00EGS1016202
W16892,W00EGS1016202
W16818,W00EGS1016202
W16836,W00EGS1016202
W16869,W00EGS1016202
W16860,W00EGS1016202
W16881,W00EGS1016202
W16925,W00EGS1016202
W16922,W00EGS1016202
W16822,W00EGS1016202
W16854,W00EGS1016202
W16842,W00EGS1016202
W16875,W00EGS1016202
W16904,W00EGS1016202
W16897,W00EGS1016202
W00EGS1016720,W00EGS1016202
W16924,W00EGS1016202
W16905,W00EGS1016202
W16902,W00EGS1016202
W1KG10166,W00EGS1016202
W16809,W00EGS1016202
W16888,W00EGS1016202
W16855,W00EGS1016202
W16849,W00EGS1016202
W16816,W00EGS1016202
W16884,W00EGS1016202
W16882,W00EGS1016202
W16893,W00EGS1016202
W16926,W00EGS1016202
W16859,W00EGS1016202
W16883,W00EGS1016202
W16871,W00EGS1016202
W16906,W00EGS1016202
W16797,W00EGS1016202
W16918,W00EGS1016202
W29566,W00EGS1016202
W16872,W00EGS1016202
W16866,W00EGS1016202
W16887,W00EGS1016202
W16823,W00EGS1016202
W00EGS1016268,W00EGS1016202
W16914,W00EGS1016202
W16880,W00EGS1016202
W16824,W00EGS1016202
W16910,W00EGS1016202
W16826,W00EGS1016202
W21561,W00EGS1016202
W16815,W00EGS1016202
W16878,W00EGS1016202
W1AC318,W8LS18745
W8LS18478,W8LS18745
W1KG24767,W8LS18745
W23876,W00KG03654
W00EGS1016272,W00KG03654
W29610,W00KG03654
W2DB16432,W2DB4577
W1PD133157,W2DB4577
W4JW5405,W10232
W29558,W00EGS1017462
W29480,W00EGS1017462
W29479,W00EGS1017462
W25015,W1KG6199
W25131,W1KG6199
W25027,W1KG6199
W25011,W1KG6199
W25020,W1KG6199
W25030,W1KG6199
W25025,W1KG6199
W25135,W1KG6199
W25017,W1KG6199
W25130,W1KG6199
W25037,W1KG6199
W25021,W1KG6199
W25008,W1KG6199
W1KG4239,W1KG6199
W25014,W1KG6199
W25012,W1KG6199
W28937,W1KG6199
W25022,W1KG6199
W25016,W1KG6199
W25009,W1KG6199
W25031,W1KG6199
W28889,W1KG6199
W25023,W1KG6199
W28938,W1KG6199
W25035,W1KG6199
W25036,W1KG6199
W25010,W1KG6199
W28923,W1KG6199
W25026,W1KG6199
W25042,W1KG6199
W25041,W1KG6199
W25028,W1KG6199
W28890,W1KG6199
W25039,W1KG6199
W25033,W1KG6199
W25043,W1KG6199
W25133,W1KG6199
W25018,W1KG6199
W25038,W1KG6199
W28892,W1KG6199
W25128,W1KG6199
W25134,W1KG6199
W25019,W1KG6199
W25032,W1KG6199
W25132,W1KG6199
W28886,W1KG6199
W25024,W1KG6199
W25040,W1KG6199
W25136,W1KG6199
W25034,W1KG6199
W28893,W1KG6199
W28888,W1KG6199
W25129,W1KG6199
W28891,W1KG6199
W25137,W1KG6199
W25013,W1KG6199
W20020,W20019
W20022,W20019
W20021,W20019
W20110,W20109
W21764,W20109
W00EGS1016723,W1KG3374
W7672,W00KG09211
W7677,W00KG09211
W7682,W00KG09211
W7680,W00KG09211
W7686,W00KG09211
W7683,W00KG09211
W29972,W00KG09211
W7674,W00KG09211
W7676,W00KG09211
W7668,W00KG09211
W7671,W00KG09211
W7687,W00KG09211
W7670,W00KG09211
W7669,W00KG09211
W7678,W00KG09211
W29969,W00KG09211
W7679,W00KG09211
W29971,W00KG09211
W7684,W00KG09211
W7673,W00KG09211
W7685,W00KG09211
W7681,W00KG09211
W7675,W00KG09211
W29469,W00KG09211
W29970,W00KG09211
W29181,W29184
W29161,W29184
W29165,W29184
W29164,W29184
W29162,W29184
W29157,W29184
W29167,W29184
W29169,W29184
W29183,W29184
W29171,W29184
W29173,W29184
W29163,W29184
W29178,W29184
W29175,W29184
W29177,W29184
W29180,W29184
W29170,W29184
W29176,W29184
W29166,W29184
W29160,W29184
W29172,W29184
W29158,W29184
W29174,W29184
W29182,W29184
W29179,W29184
W29159,W29184
W29168,W29184
W24641,W00EGS1017421
W24639,W00EGS1017421
W24637,W00EGS1017421
W29386,W00EGS1017421
W29394,W00EGS1017421
W29392,W00EGS1017421
W29393,W00EGS1017421
W29389,W00EGS1017421
W24631,W00EGS1017421
W24634,W00EGS1017421
W24640,W00EGS1017421
W29391,W00EGS1017421
W29291,W00EGS1017421
W29383,W00EGS1017421
W29395,W00EGS1017421
W29385,W00EGS1017421
W29290,W00EGS1017421
W24635,W00EGS1017421
W29288,W00EGS1017421
W24642,W00EGS1017421
W29390,W00EGS1017421
W29398,W00EGS1017421
W29289,W00EGS1017421
W29388,W00EGS1017421
W29387,W00EGS1017421
W29396,W00EGS1017421
W24632,W00EGS1017421
W29292,W00EGS1017421
W29397,W00EGS1017421
W24638,W00EGS1017421
W24633,W00EGS1017421
W24636,W00EGS1017421
W29286,W00EGS1017421
W29285,W00EGS1017421
W29287,W00EGS1017421
W5804,W9090
W5745,W9090
W18947,W9090
W18951,W9090
W18950,W9090
W18992,W9090
W21787,W9090
W5795,W9090
W5810,W9090
W5811,W9090
W5800,W9090
W5799,W9090
W18986,W9090
W18949,W9090
W5783,W9090
W5730,W9090
W5729,W9090
W21786,W9090
W5807,W9090
W5794,W9090
W5796,W9090
W5786,W9090
W5803,W9090
W18905,W9090
W21785,W9090
W5728,W9090
W18987,W9090
W5785,W9090
W19228,W9090
W21789,W9090
W18981,W9090
W18979,W9090
W18922,W9090
W5801,W9090
W5817,W9090
W5731,W9090
W5782,W9090
W18994,W9090
W18904,W9090
W18980,W9090
W18902,W9090
W18882,W9090
W22922,W9090
W18993,W9090
W5798,W9090
W5812,W9090
W5802,W9090
W5808,W9090
W5787,W9090
W18946,W9090
W5793,W9090
W18948,W9090
W5788,W9090
W18995,W9090
W18983,W9090
W5784,W9090
W5813,W9090
W18988,W9090
W5809,W9090
W5805,W9090
W18859,W9090
W18952,W9090
W18982,W9090
W21788,W9090
W18903,W9090
W5806,W9090
W18953,W9090
W18991,W9090
W18989,W9090
W18990,W9090
W5797,W9090
W4CZ364100,W3CN5586
W2KG228695,W3CN21508
W2KG228696,W3CN21508
W4CZ364091,W3CN21508
W29721,W29745
W29743,W29745
W29717,W29745
W29734,W29745
W29710,W29745
W29718,W29745
W29716,W29745
W29732,W29745
W29735,W29745
W29731,W29745
W29729,W29745
W29744,W29745
W29736,W29745
W29724,W29745
W29728,W29745
W29720,W29745
W29726,W29745
W29727,W29745
W29719,W29745
W29711,W29745
W29742,W29745
W29722,W29745
W29733,W29745
W29707,W29745
W29715,W29745
W29737,W29745
W29709,W29745
W29708,W29745
W29713,W29745
W29712,W29745
W29738,W29745
W29723,W29745
W29714,W29745
W29740,W29745
W29739,W29745
W29725,W29745
W29741,W29745
W29730,W29745
W1PD159105,W3PD188
W3PD201,W1KG15003
W28987,W28983
W29026,W28983
W29019,W28983
W29020,W28983
W29024,W28983
W29025,W28983
W28985,W28983
W29023,W28983
W29034,W28983
W28984,W28983
W29029,W28983
W29033,W28983
W29021,W28983
W29027,W28983
W28989,W28983
W29028,W28983
W28988,W28983
W29030,W28983
W28999,W148
W28991,W148
W28998,W148
W29005,W148
W28993,W148
W29002,W148
W29004,W148
W29000,W148
W21632,W148
W20046,W148
W28997,W148
W28992,W148
W21633,W148
W28995,W148
W29003,W148
W20045,W148
W28994,W148
W29001,W148
W28879,W00KG09682
W30485,W00KG09682
W28881,W00KG09682
W28880,W00KG09682
W21374,W00KG09682
W28877,W00KG09682
W28878,W00KG09682
W1PD133152,W00KG09682
W4CZ364081,W00KG09682
W4CZ364083,W00KG09682
W4CZ364090,W00KG09682
W3CN26532,W1KG25476
W22305,W30153
W22301,W30153
W22302,W30153
W22303,W30153
W00EGS1016293,W30153
W28865,W147
W28864,W147
W28863,W147
W28862,W147
W3234,W147
W19966,W19959
W22077,W19959
W20864,W10206
W22094,W10206
W4CZ294910,W00EGS1016612
W00EGS1016741,W00EGS1016612
W29043,W00EGS1016612
W29044,W00EGS1016612
W7184,W11818
W8255,W11818
W22385,W11818
W22382,W11818
W20378,W11818
W8370,W11818
W8253,W11818
W22383,W11818
W8252,W11818
W22384,W11818
W22381,W11818
W8256,W11818
W8254,W11818
W2388,W11818
W28822,W28827
W28806,W28827
W28824,W28827
W28797,W28827
W28794,W28827
W28793,W28827
W28821,W28827
W28798,W28827
W28795,W28827
W28807,W28827
W28825,W28827
W28805,W28827
W28823,W28827
W23886,W28827
W28804,W28827
W00KG08368,W1KG3381
W29085,W00EGS1017362
W29077,W00EGS1017362
W29083,W00EGS1017362
W29084,W00EGS1017362
W29088,W00EGS1017362
W29089,W00EGS1017362
W29081,W00EGS1017362
W29086,W00EGS1017362
W29082,W00EGS1017362
W29079,W00EGS1017362
W29078,W00EGS1017362
W29076,W00EGS1017362
W29080,W00EGS1017362
W23207,W23208
W1KG14585,W1KG14556
W8LS73787,W8LS73790
W20458,W19992
W2KG208441,W3CN5618
W30489,W1AC410
W2KG216529,W1KG23648
W2KG216525,W1KG23648
W2KG216527,W1KG23648
W2KG216524,W1KG23648
W2KG216526,W1KG23648
W2KG216528,W1KG23648
W20419,W29185
W20470,W29185
W21876,W29185
W21983,W29185
W20125,W1KG14508
W4CZ364092,W1KG14508
W4CZ367185,W1KG13995
W00KG0552,W00KG0554
W00KG0550,W00KG0554
W00KG0551,W00KG0554
W00KG0553,W00KG0554
W00KG0549,W00KG0554
W1PD162102,W1KG14599
W1PD162103,W1KG14599
W29230,W1KG14662
W29282,W1KG14662
W29305,W8LS35951
W29304,W8LS35951
W29306,W8LS35951
W29301,W8LS35951
W00EGS1016266,W1KG550
W00EGS1016289,W1KG550
W26182,W26176
W15760,W29094
W3CN25891,W1KG24971
W22287,W1KG1582
W22105,W1KG1582
W23959,W1KG1582
W4CZ367175,W1KG1350
W29299,W00KG03658
W00EGS1016732,W00KG03658
W29650,W8LS67636
W1KG16582,W1PD105807
W1KG14593,W1KG14592
W1KG14606,W1KG14592
W8LS73755,W8LS73762
W8LS73759,W8LS73762
W25183,W26181
W1KG21049,W1KG21014
W1KG21047,W1KG21014
W1KG21050,W1KG21014
W1KG21051,W1KG21014
W1KG21045,W1KG21014
W1KG21048,W1KG21014
W1KG21044,W1KG21014
W1KG21046,W1KG21014
W1PD137856,W2PD18395
W29381,W23648
W21965,W27264
W24571,W2DB4603
W23613,W23705
W20379,W00KG03597
W2KG217484,W00KG03603
W2KG217485,W00KG03603
W4CZ355892,W2KG208030
W2KG228995,W2KG208030
W30193,W30194
W29242,W29243
W21721,W21722
W25187,W8LS68229
W29561,W3CN8084
W4CZ367176,W1KG13998
W1PD159426,W3CN21638
W8LS19060,W1KG16715
W1KG4309,W4CZ364080
W1KG116070,W2KG228738
W2KG228737,W2KG228738
W19984,W21688
W19983,W21688
W00JR1719,W00JR1733
W8LS75728,W2KG208032
W4CZ364088,W3CN21518
W2KG221945,W3CN15690
W2KG221947,W3CN15690
W2KG221946,W3CN15690
W4CN11893,W4CN11898
W4CN11890,W4CN11898
W4CN11894,W4CN11898
W4CN11889,W4CN11898
W4CN11892,W4CN11898
W4CN11891,W4CN11898
W4CN11897,W4CN11898
W4CZ364099,W4CZ367181
W3CN26472,W3CN26488
W3CN26487,W3CN26488
W3CN26503,W3CN26566
W3CN26512,W3CN26566
W3CN26509,W3CN26566
W3CN26506,W3CN26566
W3CN26516,W3CN26566
W3CN26500,W3CN26566
W3CN26519,W3CN26566
W3CN26522,W3CN26566
