W3JT13354,IE3JT13354
W3JT13350,IE3JT13350
W3JT13352,IE3JT13352
W3JT13308,IE3JT13308
W3JT13325,IE3JT13325
W3JT13306,IE3JT13306
W3JT13351,IE3JT13351
W4CZ42297,IE4CZ42297
W3JT13311,IE3JT13311
W3JT13340,IE3JT13340
W3JT13315,IE3JT13315
W3JT13319,IE3JT13319
W3JT13305,IE3JT13305
W3JT13357,IE3JT13357
W3JT13309,IE3JT13309
W3JT13318,IE3JT13318
W3JT13329,IE3JT13329
W3JT13317,IE3JT13317
W3JT13307,IE3JT13307
W3JT13314,IE3JT13314
W3JT13302,IE3JT13302
W3JT13338,IE3JT13338
W3JT13326,IE3JT13326
W3JT13301,IE3JT13301
W3JT13313,IE3JT13313
W3JT13349,IE3JT13349
W3JT13337,IE3JT13337
W3JT13312,IE3JT13312
W3JT13300,IE3JT13300
W3JT13328,IE3JT13328
W3JT13316,IE3JT13316
W3JT13304,IE3JT13304
W3JT13339,IE3JT13339
W3JT13303,IE3JT13303
W3JT13327,IE3JT13327
W3JT13358,IE3JT13358
W3JT13346,IE3JT13346
W3JT13321,IE3JT13321
W3JT13345,IE3JT13345
W3JT13333,IE3JT13333
W3JT13369,IE3JT13369
W3JT13320,IE3JT13320
W3JT13356,IE3JT13356
W3JT13344,IE3JT13344
W3JT13336,IE3JT13336
W3JT13324,IE3JT13324
W3JT13348,IE3JT13348
W3JT13323,IE3JT13323
W3JT13347,IE3JT13347
W3JT13335,IE3JT13335
W3JT13359,IE3JT13359
W3JT13310,IE3JT13310
W3JT13334,IE3JT13334
W3JT13322,IE3JT13322
W3JT13365,IE3JT13365
W3JT13377,IE3JT13377
W3JT13341,IE3JT13341
W3JT13376,IE3JT13376
W3JT13364,IE3JT13364
W3JT13368,IE3JT13368
W3JT13343,IE3JT13343
W3JT13331,IE3JT13331
W3JT13367,IE3JT13367
W3JT13355,IE3JT13355
W3JT13379,IE3JT13379
W3JT13378,IE3JT13378
W3JT13366,IE3JT13366
W3JT13330,IE3JT13330
W3JT13385,IE3JT13385
W3JT13373,IE3JT13373
W3JT13299,IE3JT13299
W3JT13372,IE3JT13372
W3JT13384,IE3JT13384
W3JT13375,IE3JT13375
W3JT13363,IE3JT13363
W3JT13374,IE3JT13374
W3JT13362,IE3JT13362
W3JT13381,IE3JT13381
W3JT13380,IE3JT13380
W3JT13298,IE3JT13298
W3JT13383,IE3JT13383
W3JT13371,IE3JT13371
W3JT13370,IE3JT13370
W3JT13382,IE3JT13382
W3JT13282,IE3JT13282
W00EGS1016641,WA00EGS1016641
W00EGS1017687,WA00EGS1017687
W00EGS1017698,WA00EGS1017698
W00EGS1017855,WA00EGS1017855
W10486,WA10486
W10MS11133,WA10MS11133
W10MS11135,WA10MS11135
W10MS11136,WA10MS11136
W10MS11137,WA10MS11137
W10MS11139,WA10MS11139
W10MS11140,WA10MS11140
W10MS11180,WA10MS11180
W10MS11182,WA10MS11182
W10MS11183,WA10MS11183
W10MS11184,WA10MS11184
W10MS11428,WA10MS11428
W10MS11430,WA10MS11430
W10MS14269,WA10MS14269
W10MS14574,WA10MS14574
W10MS14668,WA10MS14668
W11391,WA11391
W11398,WA11398
W11MS1,WA11MS1
W11MS2,WA11MS2
W12097,WA12097
W12500,WA12500
W12630,WA12630
W12635,WA12635
W12640,WA12640
W12643,WA12643
W12652,WA12652
W13908,WA13908
W13911,WA13911
W14288,WA14288
W14290,WA14290
W15246,WA15246
W15433,WA15433
W15569,WA15569
W15759,WA15759
W1655,WA1655
W1656,WA1656
W17029,WA17029
W17653,WA17653
W18280,WA18280
W18843,WA18843
W19377,WA19377
W19378,WA19378
W19458,WA19458
W19459,WA19459
W19622,WA19622
W19716,WA19716
W19720,WA19720
W19721,WA19721
W19723,WA19723
W19740,WA19740
W19813,WA19813
W19874,WA19874
W1GS10595,WA1GS10595
W1GS107981,WA1GS107981
W1GS107983,WA1GS107983
W1GS108154,WA1GS108154
W1GS136632,WA1GS136632
W1GS137899,WA1GS137899
W1GS139027,WA1GS139027
W1GS147628,WA1GS147628
W1GS147792,WA1GS147792
W1GS147794,WA1GS147794
W1GS149124,WA1GS149124
W1GS149819,WA1GS149819
W1GS152268,WA1GS152268
W1GS152269,WA1GS152269
W1GS152270,WA1GS152270
W1GS152271,WA1GS152271
W1GS1563,WA1GS1563
W1GS46465,WA1GS46465
W1GS9119,WA1GS9119
W1GS9120,WA1GS9120
W1KG13830,WA1KG13830
W1KG14731,WA1KG14731
W1KG14754,WA1KG14754
W1KG22300,WA1KG22300
W1KG22640,WA1KG22640
W20047,WA20047
W2060,WA2060
W20803,WA20803
W20804,WA20804
W21667,WA21667
W21833,WA21833
W21920,WA21920
W21942,WA21942
W22003,WA22003
W22208,WA22208
W22213,WA22213
W22293,WA22293
W22304,WA22304
W22306,WA22306
W22339,WA22339
W22347,WA22347
W224,WA224
W22740,WA22740
W22741,WA22741
W22919,WA22919
W22923,WA22923
W22925,WA22925
W22926,WA22926
W22931,WA22931
W22934,WA22934
W22947,WA22947
W22950,WA22950
W23226,WA23226
W23378,WA23378
W23389,WA23389
W23614,WA23614
W23617,WA23617
W23639,WA23639
W23673,WA23673
W23840,WA23840
W23852,WA23852
W24050,WA24050
W24268,WA24268
W24516,WA24516
W24740,WA24740
W24768,WA24768
W24876,WA24876
W25285,WA25285
W25326,WA25326
W25363,WA25363
W25364,WA25364
W25378,WA25378
W25390,WA25390
W25438,WA25438
W25510,WA25510
W25515,WA25515
W26874,WA26874
W27288,WA27288
W27607,WA27607
W28796,WA28796
W28812,WA28812
W29017,WA29017
W29087,WA29087
W29418,WA29418
W29781,WA29781
W2GS1027,WA2GS1027
W2GS1034,WA2GS1034
W30265,WA30265
W3149,WA3149
W3588,WA3588
W3JT13386,WA3JT13386
W3JT13387,WA3JT13387
W3JT13388,WA3JT13388
W3JT13389,WA3JT13389
W3JT13390,WA3JT13390
W3JT13391,WA3JT13391
W3JT13392,WA3JT13392
W3JT13393,WA3JT13393
W3JT13394,WA3JT13394
W3JT13395,WA3JT13395
W3JT13396,WA3JT13396
W3JT13397,WA3JT13397
W3JT13398,WA3JT13398
W3JT13399,WA3JT13399
W3JT13400,WA3JT13400
W3JT13401,WA3JT13401
W3JT13402,WA3JT13402
W3JT13403,WA3JT13403
W3JT13404,WA3JT13404
W3JT13405,WA3JT13405
W3JT13406,WA3JT13406
W3JT13407,WA3JT13407
W3JT13408,WA3JT13408
W3JT13409,WA3JT13409
W3JT13410,WA3JT13410
W3JT13411,WA3JT13411
W3JT13412,WA3JT13412
W3JT13413,WA3JT13413
W3JT13414,WA3JT13414
W3JT13415,WA3JT13415
W3JT13416,WA3JT13416
W3JT13417,WA3JT13417
W3JT13418,WA3JT13418
W3JT13419,WA3JT13419
W3JT13420,WA3JT13420
W3JT13421,WA3JT13421
W3JT13422,WA3JT13422
W3JT13423,WA3JT13423
W3JT13424,WA3JT13424
W3JT13481,WA3JT13481
W41,WA41
W466,WA466
W4CZ1037,WA4CZ1037
W4CZ10510,WA4CZ10510
W4CZ10512,WA4CZ10512
W4CZ10513,WA4CZ10513
W4CZ10514,WA4CZ10514
W4CZ10515,WA4CZ10515
W4CZ10519,WA4CZ10519
W4CZ10520,WA4CZ10520
W4CZ10521,WA4CZ10521
W4CZ10569,WA4CZ10569
W4CZ15092,WA4CZ15092
W4CZ15094,WA4CZ15094
W4CZ15095,WA4CZ15095
W4CZ15103,WA4CZ15103
W4CZ15127,WA4CZ15127
W4CZ15128,WA4CZ15128
W4CZ15129,WA4CZ15129
W4CZ15143,WA4CZ15143
W4CZ15144,WA4CZ15144
W4CZ15162,WA4CZ15162
W4CZ15177,WA4CZ15177
W4CZ15185,WA4CZ15185
W4CZ15191,WA4CZ15191
W4CZ15218,WA4CZ15218
W4CZ15228,WA4CZ15228
W4CZ15230,WA4CZ15230
W4CZ15238,WA4CZ15238
W4CZ15240,WA4CZ15240
W4CZ15244,WA4CZ15244
W4CZ15247,WA4CZ15247
W4CZ15249,WA4CZ15249
W4CZ15255,WA4CZ15255
W4CZ15256,WA4CZ15256
W4CZ15259,WA4CZ15259
W4CZ15261,WA4CZ15261
W4CZ15263,WA4CZ15263
W4CZ15265,WA4CZ15265
W4CZ15267,WA4CZ15267
W4CZ15269,WA4CZ15269
W4CZ15271,WA4CZ15271
W4CZ15275,WA4CZ15275
W4CZ15277,WA4CZ15277
W4CZ15280,WA4CZ15280
W4CZ15283,WA4CZ15283
W4CZ15300,WA4CZ15300
W4CZ15375,WA4CZ15375
W4CZ15377,WA4CZ15377
W4CZ15379,WA4CZ15379
W4CZ15380,WA4CZ15380
W4CZ15381,WA4CZ15381
W4CZ15393,WA4CZ15393
W4CZ15395,WA4CZ15395
W4CZ15397,WA4CZ15397
W4CZ15398,WA4CZ15398
W4CZ15400,WA4CZ15400
W4CZ15402,WA4CZ15402
W4CZ15403,WA4CZ15403
W4CZ15407,WA4CZ15407
W4CZ15446,WA4CZ15446
W4CZ15456,WA4CZ15456
W4CZ15459,WA4CZ15459
W4CZ15462,WA4CZ15462
W4CZ15463,WA4CZ15463
W4CZ15474,WA4CZ15474
W4CZ15483,WA4CZ15483
W4CZ15485,WA4CZ15485
W4CZ15487,WA4CZ15487
W4CZ15488,WA4CZ15488
W4CZ15490,WA4CZ15490
W4CZ15491,WA4CZ15491
W4CZ15494,WA4CZ15494
W4CZ15524,WA4CZ15524
W4CZ15563,WA4CZ15563
W4CZ15579,WA4CZ15579
W4CZ15580,WA4CZ15580
W4CZ15590,WA4CZ15590
W4CZ15591,WA4CZ15591
W4CZ15600,WA4CZ15600
W4CZ15604,WA4CZ15604
W4CZ15606,WA4CZ15606
W4CZ15609,WA4CZ15609
W4CZ15622,WA4CZ15622
W4CZ15627,WA4CZ15627
W4CZ15628,WA4CZ15628
W4CZ15639,WA4CZ15639
W4CZ15640,WA4CZ15640
W4CZ15641,WA4CZ15641
W4CZ15642,WA4CZ15642
W4CZ15643,WA4CZ15643
W4CZ15645,WA4CZ15645
W4CZ16739,WA4CZ16739
W4CZ16740,WA4CZ16740
W4CZ16741,WA4CZ16741
W4CZ16742,WA4CZ16742
W4CZ16743,WA4CZ16743
W4CZ16744,WA4CZ16744
W4CZ16746,WA4CZ16746
W4CZ16748,WA4CZ16748
W4CZ16750,WA4CZ16750
W4CZ16752,WA4CZ16752
W4CZ16754,WA4CZ16754
W4CZ16757,WA4CZ16757
W4CZ16761,WA4CZ16761
W4CZ16762,WA4CZ16762
W4CZ16764,WA4CZ16764
W4CZ16765,WA4CZ16765
W4CZ16766,WA4CZ16766
W4CZ16768,WA4CZ16768
W4CZ16769,WA4CZ16769
W4CZ16771,WA4CZ16771
W4CZ16773,WA4CZ16773
W4CZ16774,WA4CZ16774
W4CZ16775,WA4CZ16775
W4CZ16776,WA4CZ16776
W4CZ16777,WA4CZ16777
W4CZ16779,WA4CZ16779
W4CZ16782,WA4CZ16782
W4CZ16783,WA4CZ16783
W4CZ16786,WA4CZ16786
W4CZ16788,WA4CZ16788
W4CZ16789,WA4CZ16789
W4CZ16790,WA4CZ16790
W4CZ16792,WA4CZ16792
W4CZ16793,WA4CZ16793
W4CZ16795,WA4CZ16795
W4CZ16796,WA4CZ16796
W4CZ16799,WA4CZ16799
W4CZ16801,WA4CZ16801
W4CZ16802,WA4CZ16802
W4CZ16803,WA4CZ16803
W4CZ16808,WA4CZ16808
W4CZ16809,WA4CZ16809
W4CZ16810,WA4CZ16810
W4CZ16811,WA4CZ16811
W4CZ16812,WA4CZ16812
W4CZ16813,WA4CZ16813
W4CZ16814,WA4CZ16814
W4CZ16816,WA4CZ16816
W4CZ16817,WA4CZ16817
W4CZ16824,WA4CZ16824
W4CZ16825,WA4CZ16825
W4CZ16826,WA4CZ16826
W4CZ16827,WA4CZ16827
W4CZ16829,WA4CZ16829
W4CZ16832,WA4CZ16832
W4CZ16835,WA4CZ16835
W4CZ16836,WA4CZ16836
W4CZ16838,WA4CZ16838
W4CZ16841,WA4CZ16841
W4CZ16844,WA4CZ16844
W4CZ16846,WA4CZ16846
W4CZ16851,WA4CZ16851
W4CZ16852,WA4CZ16852
W4CZ16853,WA4CZ16853
W4CZ16856,WA4CZ16856
W4CZ16859,WA4CZ16859
W4CZ16867,WA4CZ16867
W4CZ16868,WA4CZ16868
W4CZ16875,WA4CZ16875
W4CZ16876,WA4CZ16876
W4CZ16891,WA4CZ16891
W4CZ16892,WA4CZ16892
W4CZ16902,WA4CZ16902
W4CZ16903,WA4CZ16903
W4CZ25714,WA4CZ25714
W4CZ321175,WA4CZ321175
W4CZ32863,WA4CZ32863
W4CZ354411,WA4CZ354411
W4CZ354426,WA4CZ354426
W4CZ52767,WA4CZ52767
W4CZ57160,WA4CZ57160
W5014,WA5014
W513,WA513
W5305,WA5305
W5606,WA5606
W5608,WA5608
W5741,WA5741
W603,WA603
W606,WA606
W622,WA622
W630,WA630
W648,WA648
W6507,WA6507
W7075,WA7075
W7478,WA7478
W7688,WA7688
W8107,WA8107
W8LS16629,WA8LS16629
W8LS16660,WA8LS16660
W9119,WA9119
C2CN10977,C75
G00AG01814,G1680
G00AG02559,G1955
G00AG02674,G1KR1648
G00EGS1016250,G1KR817
G00EGS1016779,C2CN11029
G00KG01060,G1569
G00KG08370,G1642
G00KG09740,G1KR2406
G1021,G210
G1022,G210
G1028,C10MS14578
G1035,C2CN10956
G1039,G806
G1065,C2CN10955
G1066,C2CN10954
G1093,C2CN10958
G1101,G1819
G1118,C2CN1096
G1137,C2CN10963
G1153,G4716
G1182,C2CN10998
G1189,C2CN10967
G1195,G2089
G1198,C2CN10968
G1199,C2CN10969
G1200,C2CN10970
G1212,C2CN10971
G1218,C2CN10972
G1233,G1272
G1249,C2CN10973
G1251,G1176
G1255,G1480
G1257,C2CN10975
G1259,C2CN10976
G1264,G1265
G1279,C75
G1286,G961
G1299,G560
G1321,C2CN10980
G1330,G1947
G1342,C2CN10981
G1350,C2CN10982
G1374,G1347
G1393,G3122
G1399,C2CN10988
G1415,G1PD108904
G1418,C2CN10990
G1421,G1PD108904
G1431,G1430
G1432,G2087
G1446,G928
G1476,C2CN10993
G1479,G1366
G1486,C2CN10994
G1492,C2CN10994
G1497,C2CN10996
G1501,C2CN1099
G1503,G1366
G1525,C2CN10985
G1543,G1531
G1678,G2CN10949
G1688,G2CN10950
G1885,G1KR2484
G1KG414,G1KR1755
G1KR2154,G1PD95990
G1KR2485,G1KR2484
G1KR2724,G2712
G1PD105576,G1PD105573
G1PD110107,G2CN220
G1PD96164,G1PD96166
G2070,G405
G2111,G562
G2124,G2387
G2126,G2800
G2200,G2396
G2253,G2LS520
G234,G1KR2783
G2366,G405
G2372,G2339
G2373,G2337
G2374,G1518
G2388,G2318
G2392,G3185
G2402,G3248
G2495,G3487
G252,G3611
G253,G393
G2567,G4275
G2588,G1KR2725
G2704,G1KR2688
G2709,G1KR2704
G2724,G2732
G2730,G1KR2824
G2731,G1KR2822
G276,G3278
G2801,C2CN10972
G2817,G4454
G2823,G4459
G2845,G1KR995
G2886,G1KR1889
G2895,G1KR1890
G2906,G1KR1884
G2907,G2929
G2909,G1KR1891
G2910,G1KR1892
G2914,G1KR1886
G2928,G1KR1887
G2931,G1KR1881
G2932,G1KR1882
G2CN10944,G1KR2385
G2DB94302,G1PD95843
G2DB94303,G1PD95843
G2DB94304,G1PD95843
G2DB94305,G1PD95843
G2DB94306,G1PD95843
G2DB94309,G1PD95843
G2DB94310,G1PD95843
G2DB94311,G1PD95843
G2DB94312,G1PD95843
G2DB94313,G1PD95843
G2DB94314,G1PD95843
G2DB94316,G1PD95843
G2DB94317,G1PD95843
G2DB94318,G1PD95843
G2DB94320,G1PD95843
G2GS1090,G1521
G2GS1127,G2800
G2GS1132,G153
G2GS1236,G1KR1020
G2JM234,G2077
G2JM247,G3997
G2JM254,G8LS12773
G2LS522,G3247
G2LS536,G2220
G2LS543,G1KR1795
G2LS591,G2261
G2LS592,G2263
G2MS13272,G1009
G2MS13755,G1GS1590
G2MS14669,G3167
G3026,G3372
G3028,G3049
G3114,G1KR1648
G3179,G1955
G3204,G3185
G3218,G3954
G3272,G3946
G3312,G3321
G3319,G4605
G3341,G3328
G3380,G2207
G3382,G1KR1686
G3421,G1KR1691
G3423,G1KR1692
G3424,G1KR1699
G3471,G26
G3495,G3791
G3610,G510
G3613,G3248
G3634,G188
G3644,G1606
G372,G4851
G3758,G1KR166
G3777,G4261
G38,G1KR1008
G3820,G491
G383,G1KR1893
G3897,G3883
G39,G1KR986
G3AG43,G1KR1686
G3JT12418,G1164
G3JT12419,G2315
G3JT12420,G3170
G3JT12604,G3CN1713
G3LS26,G2274
G410,G3805
G411,G3785
G414,G2066
G4141,G1272
G4152,G1KR1652
G416,G1629
G4167,G1KR1648
G4178,G00AG01802
G4219,G1KR1491
G4227,G3522
G423,G3526
G4241,G898
G4251,G210
G4320,G1KR1020
G4327,G1KR166
G4332,G1801
G4355,G8LS12072
G4371,G1KR1884
G4372,G4015
G4377,G2143
G4500,G1KR1854
G4505,G1KR1751
G4514,G1KR1185
G4515,G1KR1163
G4519,G3539
G4521,G1KR1146
G4523,G1KR1143
G4524,G1KR1061
G459,G265
G4624,G4195
G4625,G4196
G4639,G4023
G4672,G1KR226
G4693,G4652
G4738,G1912
G4774,G4183
G485,G1KR1663
G490,G1KR1686
G4904,G1GS1642
G4921,G1720
G4CZ1549,G1KR1455
G4CZ1551,G4247
G4CZ1552,G1KR1614
G532,G12
G550,G3580
G569,G1300
G579,G1KR2455
G588,C2CN11000
G592,G1164
G594,C2CN1100
G611,C2CN11002
G625,C2CN11003
G629,C2CN11004
G633,C2CN11035
G635,G1176
G648,C2CN11005
G671,G1164
G673,C2CN11008
G706,C2CN11010
G721,C2CN11012
G826,G210
G846,G848
G866,G850
G884,C2CN11018
G890,C2CN11019
G894,G1360
G8LS1428,G8LS1429
G8LS3416,G1PD110084
G902,C2CN11020
G910,C2CN10972
G911,C2CN10972
G919,G1032
G921,C2CN11023
G926,C2CN11024
G959,C2CN11027
G976,C2CN10972
G993,C2CN10972
G994,C2CN10972
G9CTX202,G3CN466
P00AG01701,P8717
P00EGS1016691,P00EGS1016749
P00EGS1017631,P6306
P00EGS1017950,P9602
P00KG02842,P9898
P0RK1,P7326
P0RK106,T1987
P0RK1084,P8224
P0RK1114,P0RK1102
P0RK1137,P7695
P0RK1216,P7695
P0RK1220,P2JM145
P0RK1274,P10000
P0RK163,T619
P0RK1729,P4CZ16819
P0RK180,T390
P0RK206,P487
P0RK243,P5782
P0RK287,P7752
P0RK359,T428
P0RK387,T106
P0RK389,P4CZ10541
P0RK479,P4CZ15075
P0RK492,T423
P0RK573,T69
P0RK659,P4CZ15637
P0RK671,P4CZ16794
P0RK826,P1865
P0RK828,P10599
P0RK851,T106
P0RK978,P4CZ15638
P10034,P0RK15
P10186,P7878
P10359,P0RK431
P10426,P5290
P10475,P2418
P10593,P4997
P10MS19427,P1089
P11MS233,P10MS14671
P1205,P4707
P1365,P6824
P1387,P10416
P1695,P7637
P1882,P2464
P1960,P0RK752
P1971,P7997
P1AG13,P1KG4203
P1EE10,P4985
P1JM507,P5658
P1KG3390,P2JM411
P1KG4947,P8418
P1KG5915,P2MS13790
P2224,P8572
P2369,P741
P2445,P10313
P2449,P8968
P2520,P5209
P2675,P2677
P2695,P3AG30
P2808,P3102
P2853,P8464
P2AG24,P5405
P2CN11072,P4526
P2CN21,P2783
P2GS1101,P2GS1103
P2JM15,P6986
P2JM213,P692
P2JM259,P8741
P2JM3,P1GS105233
P2JM344,P740
P2JM345,P10497
P2JM352,P8LS13216
P2JM369,P748
P2JM416,P2JM443
P3048,P2607
P3164,P316
P3362,P7166
P3693,P6212
P376,P166
P381,P8LS12087
P3962,P0RK695
P3AG38,P3JM110
P3JT12431,P1KG5008
P3JT12492,P1701
P3JT4938,P2273
P4011,P8966
P4020,P3092
P4055,P1138
P4110,P3174
P4750,P7997
P476,P856
P4CZ15614,P39
P4CZ301808,P5091
P5172,P7472
P5233,P5955
P5272,P4838
P5445,P5444
P5744,P3871
P5890,P8LS12746
P5977,P7404
P5983,P6011
P6127,P1544
P636,P4043
P6507,P5920
P6545,P273
P6609,P707
P6675,P7134
P687,P369
P6950,P1845
P7192,P3101
P7325,P5011
P7690,P2562
P7710,P5642
P7773,P7798
P7940,P9252
P7974,T2CZ10402
P8007,P3AG53
P8154,P4CZ16819
P8189,P5782
P8262,P00KG07267
P8285,P6334
P8307,P5969
P8465,P1367
P8683,P7483
P8709,P731
P8720,P00EGS101795
P8734,P5291
P876,P7857
P8782,P6006
P8809,P4580
P8LS12032,P5642
P8LS12077,P329
P8LS12178,P3231
P8LS12197,P8702
P8LS12201,P3998
P8LS12202,P2CZ7866
P8LS12606,P2296
P8LS12612,P4122
P8LS12753,P5162
P8LS12944,P4688
P8LS13016,P5619
P8LS13142,P8452
P8LS13143,P8453
P8LS13144,P7031
P8LS13145,P2597
P8LS13323,P199
P8LS13463,P1560
P8LS13662,P8224
P8LS13757,P3827
P8LS14039,P0RK1112
P8LS1421,P2744
P8LS14228,P3455
P8LS1424,P9586
P8LS4259,P2JM411
P9394,P9396
P9432,P1258
P9463,P4553
P9956,P0RK431
R8LS13048,R10MS14279
R8LS13115,R8LS12858
R8LS13165,R8LS13249
R8LS13386,R8LS13078
T00AG01173,W3JT13386
T00AG01318,T1432
T00AG01367,T463
T00AG0331,T2101
T00EGS1017130,T220
T00KG03925,T186
T1035,P1056
T1048,T2251
T1080,G3998
T116,T753
T1170,T203
T11MS52,T208
T124,T2GS1192
T1271,WA4CZ321175
T1525,T2MS5993
T1526,T2177
T1579,2GS1087
T1583,T1483
T1752,G2MS14908
T1773,T1408
T180,G1398
T1806,T219
T1957,T1111
T1960,G2MS13780
T1965,T2623
T1AT298,T1351
T1AT304,T847
T1AT472,T479
T1GS108078,T1CZ91
T1GS110791,T1044
T1GS147805,T837
T1KG3852,T1PD95804
T1PD105575,G1PD105573
T2031,T1232
T2059,T2552
T2122,G323
T2216,G3CN2029
T223,G1538
T224,G2GS1089
T226,G2145
T227,G1521
T2286,T2051
T2355,G1GS1590
T236,G523
T239,WA21667
T2402,T1GS149121
T2436,T1125
T2547,W4CZ16793
T2590,G233
T293,G2800
T296,G2317
T2CZ8036,WA4CZ10510
T2DB4532,T2064
T2GS1167,T435
T2GS1224,T774
T2MS11381,T720
T2MS13818,T1357
T2MS14937,T969
T303,T336
T31,T1134
T318,G3219
T334,G162
T345,P6753
T357,G337
T362,G2203
T366,G3170
T367,G17
T396,WA19740
T3JT13429,T279
T420,G2944
T4CZ15448,T4CZ15589
T542,T140
T604,T2GS1171
T621,WA10MS11135
T689,T2GS1157
T71,G104
T726,T603
T766,T2GS1191
T775,G2530
T776,G160
T777,G2491
T779,G3004
T781,G2147
T783,G247
T784,G3005
T785,G880
T786,G3182
T787,G1196
T790,G33
T796,G1629
T797,G977
T798,G2324
T864,G3090
T8LS14945,T1804
T914,T693
P0RK240,P7401
P10257,P7009
P0RK405,P10172
P3835,P8224
P0RK302,P7588
P8LS13561,P10023
P0RK662,P4CZ15467
P3395,P3423
P8LS13738,P3992
P0RK983,P10040
P3072,P2285
G3159,G3518
G2441,G4606
G4215,G3474
P0RK36,P4CZ10568
P0RK153,P00EGS1016642
P0RK200,P8181
P0RK512,P1880
P5301,P0RK537
P4068,P2922
P6188,P475
P4544,P5302
P8LS12743,P869
P0RK1734,P1575
P0RK1132,P0RK1609
P10173,P10172
P3058,P5838
P3049,P5838
P4CZ15156,P7753
P1007,P5280
P0RK1080,P5471
P0RK819,P3230
P00KG02781,P0RK1283
P0RK120,P2615
P2009,P2460
P0RK656,P6118
P2GS1013,P2GS1031
P4CZ15250,P4CZ15180
P0RK364,P4CZ15180
P0RK270,P4CZ15179
W8LS15932,W8LS15931
W8LS15939,W8LS15931
W8LS15942,W8LS15931
W8LS15945,W8LS15931
W8LS15946,W8LS15931
W8LS15951,W8LS15931
P10038,P0RK982
G517,G1563
P10638,P1397
P0RK1198,P4CZ16819
P1313,P1518
P234,P4144
P1047,P0RK1531
P0RK1358,P5277
P1GS151645,P7842
P2754,P8LS13715
P10261,P8775
P11MS243,P11MS159
P9848,P00EGS1016642
P0RK300,P4CZ10516
P1GS105194,P5718
P2867,P280
G1524,G1KR795
G2DB94307,G1PD95843
G2DB94315,G1PD95843
G4PD932,G4631
G3168,G3CN410
G2DB94308,G1PD95843
T11MS67,T202
P4CZ10547,P3731
G2553,G2717
P0RK166,P4004
P0RK301,P4CZ15237
P0RK285,P8895
P0RK324,P4CZ15088
P2MS13214,P7641
P0RK237,P2CN574
P0RK58,P4CZ15370
P0RK1517,P8194
P0RK79,P8218
P0RK966,P6242
P0RK1536,P5659
P0RK335,P4CZ15114
P0RK508,P44
P0RK1002,P5263
P2461,P139
P2775,P5712
P2832,P8LS12966
P8LS3423,P10697
P0RK897,P5897
P8713,P3772
P8LS3420,P100
P8LS3426,P114
P8LS16208,P671
P8LS13661,P4CZ15088
P0RK1350,P7419
P2814,P8LS12967
P2JM414,P8523
P2270,P478
P0RK196,P4CZ15358
P1GS56155,P815
P3JM128,P1KG9680
P3210,P00EGS1016642
P4CZ15618,P3674
P2834,P8LS12968
P53,P2845
P2880,P2JM436
P2796,P8LS12969
P362,P5543
P1624,P8LS13405
P506,P1369
P00EGS1016589,P00EGS1016624
P5978,P2JM436
P2GS1118,P2GS1110
P0RK241,P4CZ15454
P1983,P1008
P10307,P2448
P0RK1475,P4CZ15155
P2352,P803
P7324,P2562
P0RK1441,P4CZ15182
P10628,P1062
P8LS14026,P8249
P0RK1391,P4CZ10559
P5268,P8LS4338
P6338,P9371
P8LS13751,T618
P8LS12200,P8845
P3133,P3511
P7698,P7359
P434,P2AG2
P8LS3444,P5617
P0RK59,P4CZ15227
P3503,P2574
P0RK1434,P4221
P7912,P6928
P1KG915,P1217
P0RK1005,P4CZ10564
P7499,P7856
P0RK225,P10027
P2CZ7940,P2JM167
P4CZ10543,P3401
P1834,P7217
P8LS13236,P2418
P693,P7731
P0RK767,P6145
P0RK286,P4CZ10555
P0RK248,P3293
P2LS189,P4090
P8LS14587,P8LS15716
P730,P7359
P1248,P5013
P8LS3427,P4593
P0RK388,P4CZ10542
P0RK1408,P8335
P3AG57,P8LS4319
P0RK424,P8891
P0ER0026,P7847
P4970,P4973
P8493,P2513
P6933,P7410
P8LS12239,P2033
P6701,P232
P0RK648,P10159
P6333,P8297
P0RK34,T1347
P3535,P1299
P8LS3431,P1724
P7214,P3119
P8LS12652,P2AG8
P1429,P3575
P1731,P8LS12022
P2807,P3750
P3198,P162
P1541,P10571
P3193,P268
P5515,P8LS15241
P9470,P8850
P6210,P4CZ34265
P0RK1661,P2JM106
P8LS12156,P6899
P5061,P4069
P9840,P4CZ15568
P1GS60380,P9827
P8LS13531,P8LS14961
P8LS12737,P803
P8LS3430,P3166
P0RK1731,P8209
P1292,P4127
P8LS12653,P5580
P171,P2104
P9954,P3378
P7026,P7549
P0RK366,P5013
P10086,P8686
P0RK1606,P985
P8LS3424,P111
P0RK839,PORK
P3630,P1865
P2DB25395,P8538
P8LS12654,P2AG11
P0RK1508,P4CZ10559
P7749,P4892
P9970,P56
I00KG010110,W00KG01660
I00KG010109,W00KG01660
I00KG010111,W00KG01660
I00KG010112,W00KG01660
I1EAP6078,W1EAP6223
W00KG02541,W1KG13693
W8LS15792,W8LS15791
W00KG02569,W1KG13693
W2MS2245,W3MS119
W00EGS1016722,W1KG3374
W12477,W12422
W2PD17490,W3CN2582
W4JW5405,W1PD45152
W1KG17428,W1KG18409
W8545,W00KG04094
W2MS2231,W3MS119
W2MS2233,W3MS119
W00KG02570,W1KG13693
W3MS832,W8LS16853
W00KG02564,W1KG13693
W8582,W00KG04094
W00KG02548,W1KG13693
W1PD159105,W1KG18255
W8577,W00KG04094
W8574,W00KG04094
W19802,W1KG9848
W2MS2241,W3MS119
W1GS57648,W21667
W00KG010095,W00KG01660
W2MS2253,W3MS119
W2MS2232,W3MS119
W2KG210361,W2KG210310
W1434,W4CZ16796
W00KG0551,W1KG13981
W00KG0553,W1KG13981
W00KG02552,W1KG13693
W3MS149,W8LS16869
W00KG02568,W1KG13693
W2MS2247,W3MS119
W13951,W1CZ2504
W1KG12124,W1PD88207
W1GS98778,W8224
W00EGS1017175,W00EGS1017172
W3MS531,W8LS16849
W1GS105198,W1GS66332
W4PD5195,W30169
W1PD159540,W1AC463
W19979,W19981
W2MS2240,W3MS119
W11574,W1KG1645
W2DB16432,W2DB16428
W8553,W00KG04094
W26452,WA11391
W2MS2248,W3MS119
W1PD159429,W1AC404
W1AC351,W2PD17642
W00KG02537,W1KG13693
W2MS2235,W3MS119
W3PD213,W1PD152291
W3CN10778,W1KG18764
W1PD162103,W30475
W3MS844,W8LS16855
W1GS60783,W1GS54640
W3CN17356,W3CN17364
W4CZ74468,W4CZ74453
W19781,W4CZ16796
W8579,W00KG09494
W1EE37,W4CZ7933
W2PD18395,W1PD137856
W14363,W1KG1646
W00KG0552,W1KG13981
W1CZ2735,W4CZ1097
W8560,W00KG04094
W12481,W12422
W2KG210300,W2KG210310
W11461,WA23852
W4CZ74478,W4CZ74453
W4PD5184,W28792
W2MS2228,W3MS119
W8557,W00KG04094
W7952,W30438
W7952,T1987
W3CN14349,W4CZ302659
W1PD133157,W1AC374
W14364,W4CZ15391
W3MS859,W8LS16854
W1KG12955,W3CN14268
W10MS14269,WA3JT13481
W1KG4311,W1KG11948
W1KG5305, W1KG13617
W2MS2251,W3MS119
W8586,W00KG04094
W1PD159432,W3CN3091
W1EE2,W1HU1
W4CZ74462,W4CZ74453
W00KG02567,W1KG13693
W8575,W00KG04094
W8587,W00KG04094
W00KG08368,W1KG3386
W25394,W4CZ15277
W8566,W00KG04094
W23207,W23642
W19957,W20398
W1KG13705,W4CZ5369
W2PD17492,W3CN2576
W8549,W00KG04094
W12475,W12422
W8581,W00KG04094
W8554,W00KG04094
W3MS12,W1KG13947
W2MS2230,W3MS119
W00KG02733,W00KG02732
W1PD159427,W1AC401
W11MS120,W11391
W00KG0550,W1KG13981
W8548,W00KG04094
W19738,W2CZ6595
W1PD159400,W1AC393
W4CZ332955,W2PD19896
W3MS523,W8LS16848
W19977,W19981
W00KG02562,W1KG13693
W2MS2234,W3MS119
W3CN7936,W3CN5929
W12473,W12422
W1AC304,W1PD105852
W26888,W29307
W2MS2256,W3MS119
W8LS20686,W21765
W1KG5304, W1KG13617
W4PD5179,W21727
W3CN496,W3CN3413
W8546,W00KG04094
W00KG02542,W1KG13693
W00KG02545,W1KG13693
W4CZ309048,W4CZ309050
W00KG02555,W1KG13693
W22304,W4CZ15240
W4PD5182,W11128
W8567,W00KG04094
W1KG14606,W1KG14896
W1PD162102,W1KG14599
W2PD17464,W4PD973
W8LS29344,W2KG208035
W8568,W00KG04094
W8578,W00KG09494
W00KG02547,W1KG13693
W4PD5181,W2CZ5990
W12474,W12422
W1KG23133,W1KG23131
W1KG9268,W1KG11782
W22732,W4CZ32863
W19823,W19873
W00KG02561,W1KG13693
W2MS2243,W3MS119
W2MS2250,W3MS119
W2MS2239,W3MS119
W2MS2252,W3MS119
W00KG02536,W1KG13693
W3MS852,W8LS16860
W1PD137830,W1AC452
W8LS66871,W4CZ354445
W8LS31897,W1KG14641
W00KG02563,W1KG13693
W8571,W00KG04094
W8559,W00KG04094
W4CZ295932,W2KG5032
W8561,W00KG04094
W2MS2249,W3MS119
W00KG02544,W1KG13693
W2MS2255,W3MS119
W00KG0554,W1KG13981
W4PD5186,W1CZ2542
W4PD5185,W1KG3714
W4CZ45312,W1KG12671
W00KG02540,W1KG13693
W00KG02538,W1KG13693
W3CN3211,W8LS20386
W00CHZ0103335,W22133
W8573,W00KG04094
W12480,W12422
W00KG02543,W1KG13693
W00KG02549,W1KG13693
W00KG01655,W00KG01654
W8569,W00KG04094
W00KG02565,W1KG13693
W3CN17361,W3CN17364
W1KG3169,W23783
W00EGS1016692,W00EGS1016750
W8584,W00KG04094
W8LS66867,W4CZ354446
W12479,W12422
W19980,W19981
W00KG02550,W1KG13693
W1GS56118,W1KG1083
W8565,W00KG04094
W8551,W00KG04094
W2KG210296,W2KG210297
W2MS2246,W3MS119
W00EGS1017398,W1KG870
W3CN482,W3CN3409
W24568,W4CZ16766
W8558,W00KG04094
W1PD159433,W1KG16714
W1KG14585,W1KG14556
W8583,W00KG04094
W20570,W30516
W8576,W00KG04094
W1KG14593,W1KG14896
W2MS2236,W3MS119
W3CN3023,W2PD19399
W25091,W00KG06
W1KG25434,W1AC331
W19978,W19981
W2MS2238,W3MS119
W3MS535,W8LS16852
W29558,W1GS4
W3CN14384,W1KG15912
W1KG12078,W1CZ2745
W10MS11429,W3MS119
W8555,W00KG04094
W3CN3213,W15659
W88CN21,W3CN20612
W2MS2254,W3MS119
W12476,W12422
W6395,W6457
W1PD159436,W1KG1892
W2PD19641,W4CZ301801
W4CZ74396,W4CZ74453
W21608,W1KG9772
W12482,W12422
W1KG4239,W25007
W2CZ5622,W2DB54922
W00KG02551,W1KG13693
W1KG10166,W23189
W3CN9689,W1KG24280
W2MS2244,W3MS119
W1KG5306, W1KG13617
W1KG4327, W1KG13617
W12478,W12422
W8572,W00KG04094
W8552,W00KG04094
W4CZ74517,W4CZ74453
W00EGS1016639,W3CN12752
W30269,W00EGS1016273
W29094,W29093
W1KG1644,W22434
W8547,W00KG04094
W8585,W00KG04094
W00KG02546,W1KG13693
W4PD3141,W3CN3329
W2MS2242,W3MS119
W2KG210364,W2KG210367
W3CN6997,W20820
W3MS590,W3MS684
W8550,W00KG04094
W8570,W00KG04094
W00KG0549,W1KG13981
W3CN570,W3CN8197
W8LS16558,W8LS20069
W1PD159428,W1AC402
W00KG02554,W1KG13693
W7854,W6205
W2KG210301,W2KG210367
W8LS29380,W8LS29377
W23854,W4CZ16817
W8563,W00KG04094
W2PD17491,W3CN2579
W00KG02566,W1KG13693
W2MS2237,W3MS119
W00KG02553,W1KG13693
W8580,W00KG04094
W00KG03939,W25275
W00KG02539,W1KG13693
W20878,W20880
W3CN3426,W3CN6391
W1KG25812,W1KG25815
W3CN3224,W3CN25662
W8564,W00KG04094
W29189,W1AC399
C11MS135,C68
G4525,G1KR1173
G1354,G864
G1KR1928,G2525
G1091,G1344
G2885,G1KR1888
G1978,G294
G728,G4250
G370,G2578
G1KR845,G1KR841
G1015,G571
G782,G218
G1451,G4250
G2927,G1KR1883
G00AG02455,G247
G1129,G4250
G2190,G2944
G4945,G1KR1700
T1GS130096,T2126
T2MS13235,T1542
T1KG14971,T1946
T1034,T2230
T1164,T1142
T10MS14462,T394
T754,T2GS1194
T142,WA22003
T2611,T2585
T10MS14626,T1972
T2431,T314
T1AT291,T1116
T01AG03282,T8LS16966
T1879,WA3JT13386
T10MS14290,T00JR140
T1KG89006,T1147
T1912,T1838
W2MS23004,W1PD45495
W3JT13360,W1PD1725
P1PD97478,P1813
G4557,G1KR826
W25033,W25007
G2280,G3LS2927
G1269,G210
G1221,G210
P10586,P366
P11MS234,P1AG85
P10306,P8464
P1PD108245,T720
P1GS58449,P10084
P2JM421,P661
P1LS5646,P1LS5647
P1939,P2649
W30485,W22300
T427,T2398
T012AG03336,T012AG03337
T00KG02670,T58
T421,G584
T2MS12359,T2186
T625,WA1GS152270
T1797,C11MS134
T00JR759,T1408
T1411,T1357
T344,C1AG86
T2CZ7475,WA10MS11428
T2204,C2MS13778
T00KG02847,T2077
T1399,T338
T1131,G3180
T2473,T635
G4513,G1KR1703
G4501,G1KR1855
G1981,G2170
G1348,G2369
W00JR550,W00EGS1017362
G3LS13,G2269
P2JM402,P425
P6840,P7998
W00EGS1017423,W17316
G419,G3509
P0RK1415,P4CZ15517
P0RK360,P4CZ10536
P0RK852,P7609
P0RK1728,P3250
P8LS68062,P8221
P0RK1516,P4CZ10554
P0RK1537,P4CZ15211
P4CZ15135,P3388
P4CZ15268,P4CZ15262
P4CZ15150,P3455
P4CZ15096,P5169
P9595,P7148
P4CZ10558,P9962
P4CZ16797,P4CZ16854
P4CZ15104,P7648
P8201,P1KG8854
P4CZ10511,P8182
G134,G2GS1126
P3JM19,P8930
P0RK1416,P4CZ15518
P0RK321,P3389
P0RK1534,P3214
P10151,P0RK86
P8195,P4957
P1KG3131,P8408
P0RK986,P10041
P0RK984,P10040
P0RK1181,P4747
P3396,P8209
P3JT5599,P10718
P0RK1704,P8200
P0RK1332,P2606
P0RK621,P3387
P0RK924,P1089
P0RK536,P4574
P0RK129,P3902
P0RK1095,P4CZ15245
P0RK1381,P7156
P0RK1382,P3090
P0RK1355,P1GS40975
P0RK1189,P3120
P0RK1131,P3938
P0RK326,P4CZ10551
P0RK853,P4008
P0RK1707,P78
P0RK1278,P3500
P0RK197,P4CZ15260
P0RK946,P3833
P0RK1433,P10607
P0RK1237,P4CZ10577
P0RK1330,P7157
P0RK217,P4CZ15173
P0RK510,P43
P0RK1003,P5011
P0RK825,P8224
P0RK724,P5501
P0RK1514,P7156
P0RK1298,P3858
P0RK596,P140
P0RK1034,P4CZ15386
P2CN11129,P813
P8LS15309,P0RK333
P00KG02748,P7217
P5680,P2020
P0RK184,P7875
P0RK122,P10624
P0RK1594,P4CZ15232
P8062,P00KG09971
P0RK201,P00KG02663
P8270,P3378
P1970,P1317
P0RK358,T423
P8862,P5269
P0RK1371,P4CZ301808
P0RK1651,P3597
P0RK440,P3827
P8LS12068,P1868
P0RK1200,P10100
P0RK247,P4CZ10578
P1KG914,P3007
P00KG02747,P4920
P00JR551,P6344
P0RK268,P3299
P2LS192,P6132
P0RK1312,P4CZ75592
P0RK571,P9144
P0RK195,P4CZ15577
P0RK402,P6086
P0RK795,P1243
P0RK332,P3940
P0RK1483,P3893
P0RK399,P3733
P0RK330,P3202
P0RK1076,P2789
P0RK791,P792
P0RK1301,P7601
P0RK468,P3087
P0RK1595,P00EGS1017627
P8164,P2637
P4CZ15236,P4CZ15245
P4CZ10572,P8149
P0RK1239,P4CZ10561
