WA0RT3906,WA0RT3216
WA15659,WA0RT3216
WA1KG1796,WA0RT3216
WA1KG1795,WA0RT3216
WA3CN5402,WA0RT3216
WA8LS20845,WA0RT3216
WA1KG4942,WA0RT3216
WA1KG24247,WA0RT3216
WA1KG22345,WA0RT3216
WA1KG12289,WA0RT3216
WA00KG03,WA0RT3216
W3CN3408_F89894,WA0RT3216
W3CN3408,WA0RT3216
WA00KG0545,WA0RT3216
WA23786,WA0RT3216
WA8LS17154,WA0RT3216
WA3CN7868,WA0RT3216
WA21708,WA0RT3216
WA3CN4894,WA0RT3216
WA3JT13379,WA0RT3216
W1PD153536_EF85B4,WA0RT3216
W0NGMCP48026,WA0RT3216
MW0NGMCP46715,WA0RT3216
MW0NGMCP46715,WA0RT3216
WA0XL315A793EA96B,WA0RT3216
MW1PD100944_7E64A5,WA0RT3216
MW0NGMCP63391,WA0RT3216
MW0NGMCP51676,WA0RT3216
MW0NGMCP47245,WA0RT3216
WA0XLCF93D1D8B59B,WA0RT3216
MW1PD89084_CF93D1,WA0RT3216
WA0XL6A3765E4FDC4,WA0RT3216
MW3CN3408_6A3765,WA0RT3216
MW3CN3408_536F3B,WA0RT3216
MW3CN3408_536F3B,WA0RT3216
MW3CN3408_60FBEB,WA0RT3216
MW1KG10854_552C59,WA0RT3216
MW0NGMCP62476,WA0RT3216
MW2DB4578_DD9477,WA0RT3216
MW3CN3408_9CCE5D,WA0RT3216
MW22106_11394D,WA0RT3216
MW1PD153536_E2E23E,WA0RT3216
MW1PD153536_A72742,WA0RT3216
MW3CN3408_4A0271,WA0RT3216
MW1PD89051_84E92F,WA0RT3216
MW3CN13006_E0FBCC,WA0RT3216
MW22271_6BA50B,WA0RT3216
MW3CN3408_F5890D,WA0RT3216
MW3CN13006_BD800F,WA0RT3216
MW1PD100944_4F4C7E,WA0RT3216
MW3PD988_F2B621,WA0RT3216
WA21985,WA0RT3216
MW00EGS1017151_AE1C38,WA0RT3216
MW2DB4568_E90EB2,WA0RT3216
MW3CN3408_A992FA,WA0RT3216
WA0LULDC296292,WA0RT3216
WA3CN23405,WA0RT3216
WA0NGMCP72906,WA0RT3216
WA3CN26512,WA0RT3216
MW1PD45496_4AB688,WA0RT3216
MW1934_F897C4,WA0RT3216
MW23198_B593C8,WA0RT3216
WA0NGMCP42965,WA0RT3216
WA0NGMCP51776,WA0RT3216
WA0NGMCP43320,WA0RT3216
WA0NGMCP59324,WA0RT3216
WA0RT3219,WA0RT3216
MW23703_3874,WA0RT3216
MW2KG5015_4064,WA0RT3216
MW22704_4064,WA0RT3216
MW23702_0000T3278,WA0RT3216
MW1KG13126_5275,WA0RT3216
WA1KG3408,WA0RT3216
WA0NGMCP54042,WA0RT3216
MW1KG12679,WA0RT3216
MW10736_80D1C8,WA0RT3216
MW8LS22437,WA0RT3216